---tao database.
create database DbQuanLyResort
go
use DbQuanLyResort
go
SET DATEFORMAT YMD;

go

---drop database DbQuanLyResort

---tao bang du lieu.

<<<<<<< HEAD


-----QUẢN LÝ KHÁCH HÀNG.
=======
----QUẢN LÝ KHÁCH HÀNG.
>>>>>>> origin/CRUD_Tan
create table KhachHang(
	MaKH nvarchar(10) not null,
	TenKH nvarchar(20) not null,
	SoDT nvarchar(10) not null,
	NgaySinh date,
	GioiTinh nvarchar(20) not null,
	Diachi nvarchar(20) not null,
	Email nvarchar(200) not null,
	CCCD nvarchar(12) not null,
	QuocTich nvarchar(50) not null,
	primary key(MaKH))

-----QUẢN LÝ NHÂN SỰ
create table ChucVu(
	MaChucVu varchar(5) PRIMARY KEY NOT NULL,
    TenChucVu NVARCHAR(50) NOT NULL)

create table NhanSu(
	MaNhanSu varchar(8) PRIMARY KEY,
    HoTen NVARCHAR(50) NOT NULL,
    NgaySinh DATE,
    SDT NVARCHAR(15),
    CCCD NVARCHAR(12),
    Email NVARCHAR(100) UNIQUE,
    DiaChi TEXT,
    MaChucVu varchar(5),
    NgayVaoLam DATE,
    Luong DECIMAL(15,2),
    FOREIGN KEY (MaChucVu) REFERENCES ChucVu(MaChucVu) ON DELETE SET NULL)

-----QUẢN LÝ RESORT

create table Phong(
	maPhong varchar(5) not null primary key,
	tenLP nvarchar(45) not null,
	tenLG nvarchar(45) not null,
	giaP float not null,
	trangThai nvarchar(45) not null)

create table DatPhong(
	MaNhanSu varchar(8) references NhanSu(MaNhanSu),
	maDP varchar(12) not null primary key, ---6: DP0001, 6: ddmmyy
	MaKH nvarchar(10) not null references KhachHang(MaKH),
	ngayDatPhong date not null)

create table ChiTietDatPhong(
	maDP varchar(12) not null references DatPhong(maDP),
	maCTDP varchar(12) not null primary key,
	maPhong varchar(5) references Phong(maPhong),
	ngayTraPhong date)

create table DichVu(
	maDV varchar(5) not null primary key,
	tenDV nvarchar(45) not null,
	giaTien int not null)

create table LoaiMonAn (
	maLMA varchar(7) not null primary key,
	tenLMA nvarchar(45) not null)

create table MonAn (
	maMA varchar(7) not null primary key,
	maLMA varchar(7) not null references LoaiMonAn(maLMA),
	tenMA nvarchar(45) not null,
	giaTien float not null,
	mieuTa nvarchar(150) not null)

create table ComboMonAn (
	maCB varchar(7) not null primary key,
	tenCB nvarchar(150) not null,
	giaCB float not null)

create table ChiTietCombo (
	maCTCB varchar(7) not null primary key,
	maCB varchar(7) references ComboMonAn(maCB),
	maMA varchar(7) references MonAn(maMA))

create table SanhDatTiec (
	maS varchar(4) not null primary key,
	tenS nvarchar(45) not null,
	giaSDT float)

create table DatTiec (
	MaNhanSu varchar(8) references NhanSu(MaNhanSu),
	maDT varchar(12) not null primary key, ---6: DT0001, 6: ddmmyy
	MaKH nvarchar(10) not null references KhachHang(MaKH),
	ngayDT date not null,
	maS varchar(4) not null references SanhDatTiec(maS),
	ghiChu nvarchar(250),
	ngayBatDau date not null,
	ngayKetThuc date,
	tongTien float not null,
	giaTriDC float not null)

create table ChiTiecDatTiec(
	maCTDT varchar(14) not null primary key, ---6 : ddmmyy, 6 : CTDT0001
	maDT varchar(12) not null references DatTiec(maDT),
	maCB varchar(7) references ComboMonAn(maCB),
	maMA varchar(7) references MonAn(maMA),
	soLuong int not null)

create table ChiTietDatDichVu (
	maCTDDV varchar(12) not null primary key,
    maDT varchar(12) NOT NULL references DatTiec(maDT),
    maDV varchar(5) NOT NULL references DichVu(maDV),
    soLuong INT NOT NULL,
    ghiChu nvarchar(250))

create table SuDungDichVu(
	maSDDV varchar(8) not null primary key,
	maDV varchar(5) not null references DichVu(maDV),
	maCTDP varchar(12) not null references ChiTietDatPhong(maCTDP),
	soLuong int not null,
	tongTien float not null)

CREATE TABLE HoaDonDatPhong (
	MaNhanSu varchar(8) references NhanSu(MaNhanSu),
    maHDDP varchar(10) NOT NULL primary key, 
    maCTDP varchar(12) not null references ChiTietDatPhong(maCTDP),
    maSDDV varchar(8) not null references SuDungDichVu(MaSDDV),
    ngayLap date not null,  
    tongTien float not null,
	trangThai nvarchar(150) not null)

<<<<<<< HEAD
=======


>>>>>>> origin/CRUD_Tan
insert into DichVu(maDV, tenDV, giaTien)
values ('DV001', N'Đặt tiệc', 35000000)
go
--insert dữ liệu cho khách hàng
insert into KhachHang (MaKH, TenKH, SoDT, NgaySinh, GioiTinh, Diachi, Email, CCCD, QuocTich)
values
('KH0001', N'Nguyễn Thị Mai', '0123456789', '1985/06/15', N'Nữ', N'Hà Nội', 'mai.yen@email.com', '123456789012', N'Việt Nam'),
('KH0002', N'Lê Minh Tú', '0987654321', '1990/08/20', N'Nam', N'Hà Nội', 'tu.le@email.com', '234567890123', N'Việt Nam'),
('KH0003', N'Phạm Lan Anh', '0912345678', '1988/04/05', N'Nữ', N'Hà Nội', 'lan.anh@email.com', '345678901234', N'Việt Nam'),
('KH0004', N'Trương Quốc Anh', '0909876543', '1995/02/12', N'Nam', N'Hà Nội', 'quoc.anh@email.com', '456789012345', N'Việt Nam'),
('KH0005', N'Nguyễn Hoàng Nam', '0934123456', '1992/11/22', N'Nam', N'TP. Hồ Chí Minh', 'hoangnam.nguyen@email.com', '567890123456', N'Việt Nam'),
('KH0006', N'Hồ Thị Lan', '0976123456', '1987/09/17', N'Nữ', N'Hà Nội', 'lan.ho@email.com', '678901234567', N'Việt Nam'),
('KH0007', N'Phan Minh Tuấn', '0965123456', '1993/10/11', N'Nam', N'Đà Nẵng', 'tuan.phan@email.com', '789012345678', N'Việt Nam'),
('KH0008', N'Nguyễn Văn Hải', '0906345123', '1986/02/25', N'Nam', N'TP. Hồ Chí Minh', 'hai.nguyen@email.com', '890123456789', N'Việt Nam'),
('KH0009', N'Trần Minh Tâm', '0912340987', '1994/07/30', N'Nam', N'Hải Phòng', 'tam.tran@email.com', '901234567890', N'Việt Nam'),
('KH0010', N'Võ Thị Thu', '0987123456', '1987/12/10', N'Nữ', N'Đà Nẵng', 'thu.vo@email.com', '012345678901', N'Việt Nam'),
('KH0011', N'Nguyễn Đình Mạnh', '0967890123', '1991/03/17', N'Nam', N'Bình Dương', 'manh.nguyen@email.com', '123456789234', N'Việt Nam'),
('KH0012', N'Hoàng Thanh Tuyền', '0935612345', '1995/01/05', N'Nữ', N'TP. Hồ Chí Minh', 'tuyen.hoang@email.com', '234567890345', N'Việt Nam'),
('KH0013', N'Phan Thanh Bình', '0905346789', '1993/06/15', N'Nam', N'Hà Nội', 'binh.phan@email.com', '345678901456', N'Việt Nam'),
('KH0014', N'Phạm Thị Hương', '0912564789', '1992/11/22', N'Nữ', N'Đà Nẵng', 'huong.pham@email.com', '456789012567', N'Việt Nam'),
('KH0015', N'Trần Duy Phước', '0945123678', '1990/09/08', N'Nam', N'Hà Nội', 'phuoc.tran@email.com', '567890123678', N'Việt Nam'),
('KH0016', N'Nguyễn Thị Thanh', '0976345210', '1988/04/17', N'Nữ', N'Hà Nội', 'thanh.nguyen@email.com', '678901234789', N'Việt Nam'),
('KH0017', N'Lê Thiên An', '0901234567', '1991/05/25', N'Nữ', N'TP. Hồ Chí Minh', 'an.le@email.com', '789012345890', N'Việt Nam'),
('KH0018', N'Võ Minh Hoàng', '0968745632', '1989/01/14', N'Nam', N'Hà Nội', 'hoang.vo@email.com', '890123456901', N'Việt Nam'),
('KH0019', N'Nguyễn Mạnh Hùng', '0913456789', '1994/10/12', N'Nam', N'TP. Hồ Chí Minh', 'hung.nguyen@email.com', '901234567012', N'Việt Nam'),
('KH0020', N'Trương Thị Lan', '0923456789', '1996/06/03', N'Nữ', N'Hải Phòng', 'lan.truong@email.com', '012345678123', N'Việt Nam'),
('KH0021', N'Nguyễn Minh Tuấn', '0934567890', '1993/02/25', N'Nam', N'Hà Nội', 'tuan.nguyen@email.com', '234567890123', N'Việt Nam'),
('KH0022', N'Phan Thị Thu', '0902123456', '1989/04/30', N'Nữ', N'Đà Nẵng', 'thu.phan@email.com', '345678901234', N'Việt Nam'),
('KH0023', N'Võ Thị Bích', '0978123456', '1992/07/05', N'Nữ', N'TP. Hồ Chí Minh', 'bich.vo@email.com', '456789012345', N'Việt Nam'),
('KH0024', N'Nguyễn Thị Lan', '0912345678', '1990/09/21', N'Nữ', N'Hà Nội', 'lan.nguyen@email.com', '567890123456', N'Việt Nam'),
('KH0025', N'Nguyễn Hoàng Thắng', '0965789123', '1994/12/02', N'Nam', N'TP. Hồ Chí Minh', 'thang.nguyen@email.com', '678901234567', N'Việt Nam'),
('KH0026', N'Phạm Tuấn Kiệt', '0932567890', '199111/19', N'Nam', N'Hải Phòng', 'kiet.pham@email.com', '789012345678', N'Việt Nam'),
('KH0027', N'Lê Thanh Thảo', '0904234567', '1988/06/10', N'Nữ', N'Đà Nẵng', 'thao.le@email.com', '890123456789', N'Việt Nam'),
('KH0028', N'Võ Ngọc Bảo', '0912789654', '1992/01/05', N'Nam', N'TP. Hồ Chí Minh', 'bao.vo@email.com', '901234567890', N'Việt Nam'),
('KH0029', N'Trương Quang Huy', '0904789653', '1993/10/15', N'Nam', N'Hà Nội', 'huy.truong@email.com', '012345678901', N'Việt Nam'),
('KH0030', N'Nguyễn Kim Liên', '0971564789', '1991/04/07', N'Nữ', N'Hải Phòng', 'lien.nguyen@email.com', '123456789012', N'Việt Nam'),
('KH0031', N'Phan Quang Tuấn', '0903654789', '1995/08/15', N'Nam', N'TP. Hồ Chí Minh', 'tuan.phan@email.com', '234567890123', N'Việt Nam'),
('KH0032', N'Trần Đình Mạnh', '0982435789', '1990/03/03', N'Nam', N'Hà Nội', 'manh.tran@email.com', '345678901234', N'Việt Nam'),
('KH0033', N'Nguyễn Thị Tuyết', '0913456879', '1987/05/24', N'Nữ', N'TP. Hồ Chí Minh', 'tuyet.nguyen@email.com', '456789012345', N'Việt Nam'),
('KH0034', N'Hoàng Thị Bích', '0962345678', '1992/01/11', N'Nữ', N'Đà Nẵng', 'bich.hoang@email.com', '567890123456', N'Việt Nam'),
('KH0035', N'Võ Quang Hiếu', '0975678943', '1994/06/15', N'Nam', N'Hải Phòng', 'hieu.vo@email.com', '678901234567', N'Việt Nam'),
('KH0036', N'Nguyễn Thị Nhung', '0904567890', '1989/07/22', N'Nữ', N'TP. Hồ Chí Minh', 'nhung.nguyen@email.com', '789012345678', N'Việt Nam'),
('KH0037', N'Phan Thành Công', '0961234789', '1990/08/12', N'Nam', N'Hà Nội', 'cong.phan@email.com', '890123456789', N'Việt Nam'),
('KH0038', N'Võ Thị Tường', '0906547891', '1995/09/09', N'Nữ', N'Đà Nẵng', 'tuong.vo@email.com', '901234567890', N'Việt Nam'),
('KH0039', N'Lê Tuấn Anh', '0934678901', '1994/12/20', N'Nam', N'TP. Hồ Chí Minh', 'anh.le@email.com', '012345678901', N'Việt Nam'),
('KH0040', N'Nguyễn Thị Như', '0912678912', '1991/04/17', N'Nữ', N'Hà Nội', 'nhu.nguyen@email.com', '123456789234', N'Việt Nam'),
('KH0041', N'Phan Minh Triết', '0987654321', '1992/09/22', N'Nam', N'Hải Phòng', 'triet.phan@email.com', '234567890345', N'Việt Nam'),
('KH0042', N'Hoàng Minh Tuấn', '0901122334', '1993/05/15', N'Nam', N'TP. Hồ Chí Minh', 'tuan.hoang@email.com', '345678901456', N'Việt Nam'),
('KH0043', N'Nguyễn Quỳnh Hoa', '0976123456', '1991/10/10', N'Nữ', N'Hà Nội', 'hoa.nguyen@email.com', '456789012567', N'Việt Nam'),
('KH0044', N'Phan Minh Hải', '0961234987', '1990/06/28', N'Nam', N'TP. Hồ Chí Minh', 'hai.phan@email.com', '567890123678', N'Việt Nam'),
('KH0045', N'Võ Đình Cảnh', '0916789321', '1995/11/18', N'Nam', N'Đà Nẵng', 'canh.vo@email.com', '678901234789', N'Việt Nam'),
('KH0046', N'Nguyễn Minh Tú', '0906543210', '1994/04/23', N'Nam', N'TP. Hồ Chí Minh', 'tu.nguyen@email.com', '789012345890', N'Việt Nam'),
('KH0047', N'Nguyễn Văn Duy', '0965412378', '1995/02/17', N'Nam', N'Hà Nội', 'duy.nguyen@email.com', '234567890654', N'Việt Nam'),
('KH0048', N'Phan Thiên An', '0936587432', '1991/11/06', N'Nữ', N'Đà Nẵng', 'an.phan@email.com', '345678901765', N'Việt Nam'),
('KH0049', N'Võ Ngọc Minh', '0912457896', '1992/03/15', N'Nam', N'TP. Hồ Chí Minh', 'minh.vo@email.com', '456789012876', N'Việt Nam'),
('KH0050', N'Nguyễn Thị Cẩm', '0904536879', '1994/08/30', N'Nữ', N'Hải Phòng', 'cam.nguyen@email.com', '567890123987', N'Việt Nam'),
('KH0051', N'Phạm Quang Duy', '0976341567', '1990/12/12', N'Nam', N'TP. Hồ Chí Minh', 'duy.pham@email.com', '678901234098', N'Việt Nam'),
('KH0052', N'Hoàng Thị Thuý', '0968745123', '1987/10/22', N'Nữ', N'Hà Nội', 'thuy.hoang@email.com', '789012345209', N'Việt Nam'),
('KH0053', N'Lê Thanh Tùng', '0915647382', '1995/03/09', N'Nam', N'Đà Nẵng', 'tung.le@email.com', '890123456310', N'Việt Nam'),
('KH0054', N'Võ Hoàng Ngọc', '0905632978', '1991/07/01', N'Nam', N'TP. Hồ Chí Minh', 'ngoc.vo@email.com', '901234567421', N'Việt Nam'),
('KH0055', N'Nguyễn Hữu Thanh', '0987654320', '1992/05/25', N'Nam', N'Hải Phòng', 'thanh.nguyen@email.com', '012345678532', N'Việt Nam'),
('KH0056', N'Phan Quang Hiền', '0912345670', '1993/06/07', N'Nữ', N'TP. Hồ Chí Minh', 'hien.phan@email.com', '123456789643', N'Việt Nam'),
('KH0057', N'Lê Tuấn Kiệt', '0976123451', '1990/01/23', N'Nam', N'Hà Nội', 'kiet.le@email.com', '234567890754', N'Việt Nam'),
('KH0058', N'Võ Đình Sơn', '0965432123', '1994/04/15', N'Nam', N'TP. Hồ Chí Minh', 'son.vo@email.com', '345678901865', N'Việt Nam'),
('KH0059', N'Nguyễn Thị Quỳnh', '0912345673', '1992/12/18', N'Nữ', N'Đà Nẵng', 'quynh.nguyen@email.com', '456789012976', N'Việt Nam'),
('KH0060', N'Phạm Thanh Mai', '0976543210', '1993/02/10', N'Nữ', N'TP. Hồ Chí Minh', 'mai.pham@email.com', '567890123087', N'Việt Nam'),
('KH0061', N'Võ Minh Tài', '0905674321', '1995/03/03', N'Nam', N'Hải Phòng', 'tai.vo@email.com', '678901234198', N'Việt Nam'),
('KH0062', N'Nguyễn Quang Hải', '0918765432', '1991/09/21', N'Nam', N'TP. Hồ Chí Minh', 'hai.nguyen@email.com', '789012345209', N'Việt Nam'),
('KH0063', N'Phan Thanh Hưng', '0907654323', '1990/05/07', N'Nam', N'Đà Nẵng', 'hung.phan@email.com', '890123456310', N'Việt Nam'),
('KH0064', N'Võ Thị Tịnh', '0965432710', '1992/11/18', N'Nữ', N'TP. Hồ Chí Minh', 'tinh.vo@email.com', '901234567421', N'Việt Nam'),
('KH0065', N'Nguyễn Quốc Hưng', '0932456789', '1994/07/10', N'Nam', N'Đà Nẵng', 'hung.nguyen@email.com', '012345678532', N'Việt Nam'),
('KH0066', N'Phan Thiết Thảo', '0906789321', '1992/02/25', N'Nữ', N'Hà Nội', 'thao.phan@email.com', '123456789643', N'Việt Nam'),
('KH0067', N'Võ Minh Hùng', '0972345671', '1990/03/19', N'Nam', N'Hải Phòng', 'hung.vo@email.com', '345678901865', N'Việt Nam'),
('KH0068', N'Nguyễn Thị Minh', '0901234598', '1994/12/12', N'Nữ', N'TP. Hồ Chí Minh', 'minh.nguyen@email.com', '456789012976', N'Việt Nam'),
('KH0069', N'Phan Quang Hùng', '0967890432', '1995/08/17', N'Nam', N'Đà Nẵng', 'hung.phan@email.com', '567890123087', N'Việt Nam'),
('KH0070', N'Võ Thị Thanh', '0934567890', '1991/11/13', N'Nữ', N'TP. Hồ Chí Minh', 'thanh.vo@email.com', '678901234198', N'Việt Nam'),
('KH0071', N'Nguyễn Quang Hải', '0902345679', '1994/05/17', N'Nam', N'TP. Hồ Chí Minh', 'hai.nguyen@email.com', '789012345209', N'Việt Nam'),
('KH0072', N'Phan Minh Hùng', '0971234567', '1992/06/29', N'Nam', N'TP. Hồ Chí Minh', 'hung.phan@email.com', '234567890230', N'Việt Nam'),
('KH0073', N'Lê Thi Minh', '0916547389', '1995/01/01', N'Nữ', N'Đà Nẵng', 'minh.le@email.com', '345678901341', N'Việt Nam'),
('KH0074', N'Võ Quang Hữu', '0909876543', '1990/09/30', N'Nam', N'TP. Hồ Chí Minh', 'huu.vo@email.com', '456789012452', N'Việt Nam'),
('KH0075', N'Nguyễn Văn Sơn', '0976554321', '1993/05/18', N'Nam', N'Hà Nội', 'son.nguyen@email.com', '567890123563', N'Việt Nam'),
('KH0076', N'Phan Quốc Tuấn', '0903456789', '1994/02/11', N'Nam', N'Đà Nẵng', 'tuan.phan@email.com', '678901234674', N'Việt Nam'),
('KH0077', N'Lê Thị Thanh', '0912345670', '1995/12/05', N'Nữ', N'TP. Hồ Chí Minh', 'thanh.le@email.com', '789012345785', N'Việt Nam'),
('KH0078', N'Võ Minh Tuấn', '0973456789', '1991/08/18', N'Nam', N'Đà Nẵng', 'tuan.vo@email.com', '890123456896', N'Việt Nam'),
('KH0079', N'Nguyễn Thị Liên', '0936547891', '1993/04/27', N'Nữ', N'TP. Hồ Chí Minh', 'lien.nguyen@email.com', '901234567907', N'Việt Nam'),
('KH0080', N'Phan Minh Hải', '0902345678', '1990/07/19', N'Nam', N'TP. Hồ Chí Minh', 'hai.phan@email.com', '012345678018', N'Việt Nam'),
('KH0081', N'Lê Quang Hiệp', '0965454321', '1991/03/25', N'Nam', N'Hà Nội', 'hiep.le@email.com', '123456789019', N'Việt Nam'),
('KH0082', N'Võ Quỳnh Hằng', '0915678900', '1993/07/17', N'Nữ', N'TP. Hồ Chí Minh', 'hang.vo@email.com', '234567890120', N'Việt Nam'),
('KH0083', N'Nguyễn Văn Khoa', '0934897564', '1990/06/04', N'Nam', N'Đà Nẵng', 'khoa.nguyen@email.com', '345678901231', N'Việt Nam'),
('KH0084', N'Phan Thị Vân', '0904321789', '1994/12/09', N'Nữ', N'TP. Hồ Chí Minh', 'van.phan@email.com', '456789012342', N'Việt Nam'),
('KH0085', N'Lê Thanh Tâm', '0976543212', '1992/09/18', N'Nữ', N'Đà Nẵng', 'tam.le@email.com', '567890123453', N'Việt Nam'),
('KH0086', N'Võ Minh Trung', '0935678901', '1990/11/13', N'Nam', N'Hà Nội', 'trung.vo@email.com', '678901234564', N'Việt Nam'),
('KH0087', N'Nguyễn Thị Nhung', '0962345678', '1994/10/30', N'Nữ', N'TP. Hồ Chí Minh', 'nhung.nguyen@email.com', '789012345675', N'Việt Nam'),
('KH0088', N'Phan Thi Ngọc', '0903123456', '1991/02/15', N'Nữ', N'Đà Nẵng', 'ngoc.phan@email.com', '890123456786', N'Việt Nam'),
('KH0089', N'Lê Minh Duy', '0973234567', '1995/06/10', N'Nam', N'TP. Hồ Chí Minh', 'duy.le@email.com', '901234567897', N'Việt Nam'),
('KH0090', N'Võ Quốc Huy', '0934567899', '1993/08/23', N'Nam', N'Đà Nẵng', 'huy.vo@email.com', '012345678908', N'Việt Nam'),
('KH0091', N'Nguyễn Minh Khuê', '0902345987', '1992/07/13', N'Nữ', N'TP. Hồ Chí Minh', 'khuê.nguyen@email.com', '123456789019', N'Việt Nam'),
('KH0092', N'Phan Trần Hùng', '0965432189', '1991/10/30', N'Nam', N'TP. Hồ Chí Minh', 'hung.phan@email.com', '234567890120', N'Việt Nam'),
('KH0093', N'Lê Thi Kim', '0932456789', '1994/09/25', N'Nữ', N'Đà Nẵng', 'kim.le@email.com', '345678901231', N'Việt Nam'),
('KH0094', N'Võ Minh Hoàng', '0965678901', '1995/04/07', N'Nam', N'TP. Hồ Chí Minh', 'hoang.vo@email.com', '456789012342', N'Việt Nam'),
('KH0095', N'Nguyễn Thị Tuyết', '0906543210', '1993/03/05', N'Nữ', N'Đà Nẵng', 'tuyet.nguyen@email.com', '567890123453', N'Việt Nam'),
('KH0096', N'Phan Minh Đức', '0976789012', '1990/02/16', N'Nam', N'TP. Hồ Chí Minh', 'duc.phan@email.com', '678901234564', N'Việt Nam'),
('KH0097', N'Lê Thanh Nhàn', '0934556789', '1992/06/20', N'Nữ', N'TP. Hồ Chí Minh', 'nhan.le@email.com', '789012345675', N'Việt Nam'),
('KH0098', N'Võ Đình Quang', '0962345678', '1994/05/22', N'Nam', N'Hà Nội', 'quang.vo@email.com', '890123456786', N'Việt Nam'),
('KH0099', N'Nguyễn Minh Khôi', '0912345678', '1993/12/01', N'Nam', N'Đà Nẵng', 'khoi.nguyen@email.com', '901234567897', N'Việt Nam'),
('KH0100', N'Phan Minh Bình', '0901234567', '1990/01/15', N'Nam', N'TP. Hồ Chí Minh', 'binh.phan@email.com', '012345678908', N'Việt Nam'),
('KH0101', N'Phạm Minh Thu', '0916342587', '1996/01/05', N'Nữ', N'Hà Nội', 'thi.mai@email.com', '000012345678', N'Việt Nam'),
('KH0102', N'Nguyễn Thi Thanh', '0963425867', '1994/02/20', N'Nữ', N'TP. Hồ Chí Minh', 'thanh.nguyen@email.com', '000123456789', N'Việt Nam'),
('KH0103', N'Võ Minh Thành', '0935234678', '1995/03/18', N'Nam', N'Hà Nội', 'thanh.vo@email.com', '000234567890', N'Việt Nam'),
('KH0104', N'Lê Quốc Duy', '0976723456', '1990/12/04', N'Nam', N'Đà Nẵng', 'duy.le@email.com', '000345678901', N'Việt Nam'),
('KH0105', N'Nguyễn Thị Lan', '0901123456', '1993/08/17', N'Nữ', N'TP. Hồ Chí Minh', 'lan.nguyen@email.com', '000456789012', N'Việt Nam'),
('KH0106', N'Phan Hoàng Nam', '0912212345', '1992/06/23', N'Nam', N'TP. Hồ Chí Minh', 'nam.phan@email.com', '000567890123', N'Việt Nam'),
('KH0107', N'Lê Minh Quân', '0934345678', '1995/10/28', N'Nam', N'Đà Nẵng', 'quan.le@email.com', '000678901234', N'Việt Nam'),
('KH0108', N'Nguyễn Thi Mai', '0909876543', '1991/09/10', N'Nữ', N'TP. Hồ Chí Minh', 'mai.nguyen@email.com', '000789012345', N'Việt Nam'),
('KH0109', N'Phan Trường Giang', '0976543210', '1994/11/03', N'Nam', N'TP. Hồ Chí Minh', 'giang.phan@email.com', '000890123456', N'Việt Nam'),
('KH0110', N'Lê Hữu Phước', '0932123456', '1992/05/21', N'Nam', N'Hà Nội', 'phuoc.le@email.com', '001234567890', N'Việt Nam'),
('KH0111', N'Nguyễn Quốc Hùng', '0912233445', '1993/07/14', N'Nam', N'TP. Hồ Chí Minh', 'hung.nguyen@email.com', '001345678901', N'Việt Nam'),
('KH0112', N'Võ Tâm Nguyên', '0976543212', '1995/03/06', N'Nam', N'Hà Nội', 'nguyen.vo@email.com', '001456789012', N'Việt Nam'),
('KH0113', N'Phan Trần Mỹ', '0915432167', '1994/12/10', N'Nữ', N'TP. Hồ Chí Minh', 'my.phan@email.com', '001567890123', N'Việt Nam'),
('KH0114', N'Lê Minh Quang', '0934567891', '1990/04/18', N'Nam', N'Hà Nội', 'quang.le@email.com', '001678901234', N'Việt Nam'),
('KH0115', N'Nguyễn Tất Đạt', '0903456789', '1992/08/02', N'Nam', N'TP. Hồ Chí Minh', 'dat.nguyen@email.com', '001789012345', N'Việt Nam'),
('KH0116', N'Phan Như Quỳnh', '0965789123', '1995/10/16', N'Nữ', N'Hà Nội', 'quynh.phan@email.com', '001890123456', N'Việt Nam'),
('KH0117', N'Lê Tùng Sơn', '0972123456', '1991/12/22', N'Nam', N'Đà Nẵng', 'son.le@email.com', '001234567890', N'Việt Nam'),
('KH0118', N'Nguyễn Thanh Vân', '0934345678', '1993/09/07', N'Nữ', N'TP. Hồ Chí Minh', 'van.nguyen@email.com', '001345678901', N'Việt Nam'),
('KH0119', N'Phan Trọng Duy', '0909876543', '1994/05/19', N'Nam', N'Hà Nội', 'duy.phan@email.com', '001456789012', N'Việt Nam'),
('KH0120', N'Lê Hà Thảo', '0932123456', '1995/01/29', N'Nữ', N'TP. Hồ Chí Minh', 'thao.le@email.com', '001567890123', N'Việt Nam'),
('KH0121', N'Nguyễn Văn Hải', '0916789123', '1992/11/10', N'Nam', N'Hà Nội', 'hai.nguyen@email.com', '001678901234', N'Việt Nam'),
('KH0122', N'Phan Văn Khoa', '0909876543', '1991/10/05', N'Nam', N'Đà Nẵng', 'khoa.phan@email.com', '001789012345', N'Việt Nam'),
('KH0123', N'Lê Hoàng Sơn', '0971234567', '1993/03/30', N'Nam', N'TP. Hồ Chí Minh', 'son.le@email.com', '001890123456', N'Việt Nam'),
('KH0124', N'Nguyễn Thi Mai', '0902345678', '1994/07/15', N'Nữ', N'Hà Nội', 'mai.nguyen@email.com', '002345678901', N'Việt Nam'),
('KH0125', N'Nguyễn Hoàng Nam', '0932123456', '1995/01/29', N'Nam', N'TP. Hồ Chí Minh', 'nam.nguyen@email.com', '001234567890', N'Việt Nam'),
('KH0126', N'Phan Trọng Duy', '0912123456', '1993/06/20', N'Nam', N'Đà Nẵng', 'duy.phan@email.com', '001345678901', N'Việt Nam'),
('KH0127', N'Lê Ngọc Bích', '0976342123', '1994/03/05', N'Nữ', N'TP. Hồ Chí Minh', 'bich.le@email.com', '001456789012', N'Việt Nam'),
('KH0128', N'Nguyễn Thành Hưng', '0901456789', '1991/08/01', N'Nam', N'TP. Hồ Chí Minh', 'hung.nguyen@email.com', '001567890123', N'Việt Nam'),
('KH0129', N'Phan Quang Thành', '0964321567', '1990/04/25', N'Nam', N'TP. Hồ Chí Minh', 'thanh.phan@email.com', '001678901234', N'Việt Nam'),
('KH0130', N'Lê Minh Anh', '0903214321', '1993/09/10', N'Nữ', N'Đà Nẵng', 'anh.le@email.com', '001789012345', N'Việt Nam'),
('KH0131', N'Nguyễn Thị Hải', '0932345678', '1994/12/10', N'Nữ', N'Hà Nội', 'hai.nguyen@email.com', '001890123456', N'Việt Nam'),
('KH0132', N'Phan Văn Cường', '0916789123', '1995/03/15', N'Nam', N'TP. Hồ Chí Minh', 'cuong.phan@email.com', '002345678901', N'Việt Nam'),
('KH0133', N'Lê Duy Bình', '0971234567', '1992/11/17', N'Nam', N'TP. Hồ Chí Minh', 'binh.le@email.com', '002456789012', N'Việt Nam'),
('KH0134', N'Nguyễn Thị Diệu', '0903456789', '1994/05/30', N'Nữ', N'Hà Nội', 'dieu.nguyen@email.com', '002567890123', N'Việt Nam'),
('KH0135', N'Phan Thanh Tâm', '0972112233', '1993/07/18', N'Nam', N'TP. Hồ Chí Minh', 'tam.phan@email.com', '002678901234', N'Việt Nam'),
('KH0136', N'Lê Hoàng Anh', '0935342123', '1991/02/02', N'Nam', N'Hà Nội', 'anh.le@email.com', '002789012345', N'Việt Nam'),
('KH0137', N'Nguyễn Thái Sơn', '0909123456', '1992/10/25', N'Nam', N'TP. Hồ Chí Minh', 'son.nguyen@email.com', '002890123456', N'Việt Nam'),
('KH0138', N'Phan Thị Hạnh', '0965732189', '1994/08/10', N'Nữ', N'Đà Nẵng', 'hanh.phan@email.com', '003456789012', N'Việt Nam'),
('KH0139', N'Lê Trọng Minh', '0936112233', '1995/06/18', N'Nam', N'TP. Hồ Chí Minh', 'minh.le@email.com', '003567890123', N'Việt Nam'),
('KH0140', N'Nguyễn Quang Hải', '0972123456', '1993/09/09', N'Nam', N'TP. Hồ Chí Minh', 'hai.nguyen@email.com', '003678901234', N'Việt Nam'),
('KH0141', N'Phan Trần Đình', '0919988776', '1992/01/10', N'Nam', N'Hà Nội', 'dinh.phan@email.com', '003789012345', N'Việt Nam'),
('KH0142', N'Lê Thanh Hải', '0975567890', '1991/12/25', N'Nam', N'TP. Hồ Chí Minh', 'hai.le@email.com', '003890123456', N'Việt Nam'),
('KH0143', N'Nguyễn Minh Tuấn', '0905325678', '1993/04/28', N'Nam', N'TP. Hồ Chí Minh', 'tuan.nguyen@email.com', '004567890123', N'Việt Nam'),
('KH0144', N'Phan Tùng Linh', '0962547890', '1992/08/18', N'Nam', N'Hà Nội', 'linh.phan@email.com', '004678901234', N'Việt Nam'),
('KH0145', N'Lê Thị Kim', '0932123456', '1994/10/10', N'Nữ', N'TP. Hồ Chí Minh', 'kim.le@email.com', '004789012345', N'Việt Nam'),
('KH0146', N'Nguyễn Đức Mạnh', '0914567890', '1995/03/22', N'Nam', N'Đà Nẵng', 'manh.nguyen@email.com', '004890123456', N'Việt Nam'),
('KH0147', N'Phan Quốc An', '0976543210', '1990/12/15', N'Nam', N'TP. Hồ Chí Minh', 'an.phan@email.com', '005678901234', N'Việt Nam'),
('KH0148', N'Lê Minh Quang', '0932654321', '1994/05/11', N'Nam', N'Đà Nẵng', 'quang.le@email.com', '005789012345', N'Việt Nam'),
('KH0149', N'Nguyễn Thị Hà', '0905678901', '1991/08/14', N'Nữ', N'TP. Hồ Chí Minh', 'ha.nguyen@email.com', '005890123456', N'Việt Nam'),
('KH0150', N'Phan Trọng Tiến', '0966543210', '1992/02/05', N'Nam', N'Hà Nội', 'tien.phan@email.com', '006567890123', N'Việt Nam'),
('KH0151', N'Lê Hoàng Minh', '0932112233', '1993/07/25', N'Nam', N'TP. Hồ Chí Minh', 'minh.le@email.com', '006678901234', N'Việt Nam'),
('KH0152', N'Nguyễn Thị Mai', '0909876543', '1991/09/10', N'Nữ', N'Hà Nội', 'mai.nguyen@email.com', '006789012345', N'Việt Nam'),
('KH0153', N'Phan Lý Thu', '0975342111', '1992/11/04', N'Nữ', N'Đà Nẵng', 'thu.phan@email.com', '007345678901', N'Việt Nam'),
('KH0154', N'Lê Minh Duy', '0934345678', '1990/06/18', N'Nam', N'TP. Hồ Chí Minh', 'duy.le@email.com', '007456789012', N'Việt Nam'),
('KH0155', N'Nguyễn Hồng Sơn', '0912345678', '1992/08/12', N'Nam', N'Đà Nẵng', 'son.nguyen@email.com', '007567890123', N'Việt Nam'),
('KH0156', N'Phan Minh Quang', '0976123456', '1993/04/20', N'Nam', N'TP. Hồ Chí Minh', 'quang.phan@email.com', '007678901234', N'Việt Nam'),
('KH0157', N'Lê Thị Lan', '0908765432', '1991/02/02', N'Nữ', N'Hà Nội', 'lan.le@email.com', '007789012345', N'Việt Nam'),
('KH0158', N'Nguyễn Thi Thanh', '0932123456', '1995/09/16', N'Nữ', N'TP. Hồ Chí Minh', 'thanh.nguyen@email.com', '007890123456', N'Việt Nam'),
('KH0159', N'Phan Thi Ngọc', '0976543210', '1994/05/28', N'Nữ', N'Hà Nội', 'ngoc.phan@email.com', '008567890123', N'Việt Nam'),
('KH0160', N'Lê Hoàng Lâm', '0936547890', '1990/10/02', N'Nam', N'TP. Hồ Chí Minh', 'lam.le@email.com', '008678901234', N'Việt Nam'),
('KH0161', N'Nguyễn Hoàng Minh', '0902345678', '1995/03/21', N'Nam', N'TP. Hồ Chí Minh', 'minh.nguyen@email.com', '008789012345', N'Việt Nam'),
('KH0162', N'Phan Minh Thi', '0973216548', '1992/04/13', N'Nữ', N'Hà Nội', 'thi.phan@email.com', '008890123456', N'Việt Nam'),
('KH0163', N'Lê Thanh Sơn', '0917456283', '1993/01/17', N'Nam', N'TP. Hồ Chí Minh', 'son.le@email.com', '009345678901', N'Việt Nam'),
('KH0164', N'Nguyễn Tấn Hải', '0965234789', '1990/07/21', N'Nam', N'TP. Hồ Chí Minh', 'hai.nguyen@email.com', '009456789012', N'Việt Nam'),
('KH0165', N'Phan Tân Cương', '0906543210', '1995/05/15', N'Nam', N'TP. Hồ Chí Minh', 'cuong.phan@email.com', '009567890123', N'Việt Nam'),
('KH0166', N'Lê Bảo Lâm', '0976123456', '1994/11/10', N'Nam', N'Hà Nội', 'lam.le@email.com', '009678901234', N'Việt Nam'),
('KH0167', N'Nguyễn Thi Mến', '0912345678', '1992/09/14', N'Nữ', N'Hà Nội', 'men.nguyen@email.com', '009789012345', N'Việt Nam'),
('KH0168', N'Phan Thi Bích', '0931345678', '1993/06/26', N'Nữ', N'TP. Hồ Chí Minh', 'bich.phan@email.com', '009890123456', N'Việt Nam'),
('KH0169', N'Lê Thi Bảo', '0976543210', '1990/05/20', N'Nữ', N'TP. Hồ Chí Minh', 'bao.le@email.com', '010123456789', N'Việt Nam'),
('KH0170', N'Nguyễn Tân Hoàng', '0909876543', '1994/08/05', N'Nam', N'Hà Nội', 'hoang.nguyen@email.com', '010234567890', N'Việt Nam'),
('KH0171', N'Phan Trường Long', '0912233445', '1993/10/25', N'Nam', N'TP. Hồ Chí Minh', 'long.phan@email.com', '010345678901', N'Việt Nam'),
('KH0172', N'Lê Tịnh Duy', '0978776543', '1992/02/18', N'Nam', N'Đà Nẵng', 'duy.le@email.com', '010456789012', N'Việt Nam'),
('KH0173', N'Nguyễn Tiến Hòa', '0906543210', '1994/04/12', N'Nam', N'Hà Nội', 'hoa.nguyen@email.com', '010567890123', N'Việt Nam'),
('KH0174', N'Phan Thị Thuý', '0914567890', '1995/11/22', N'Nữ', N'TP. Hồ Chí Minh', 'thuy.phan@email.com', '010678901234', N'Việt Nam'),
('KH0175', N'Lê Thi Mai', '0965321432', '1991/01/04', N'Nữ', N'TP. Hồ Chí Minh', 'mai.le@email.com', '010789012345', N'Việt Nam'),
('KH0176', N'Nguyễn Tử Tâm', '0913456789', '1994/09/23', N'Nam', N'Hà Nội', 'tam.nguyen@email.com', '010890123456', N'Việt Nam'),
('KH0177', N'Phan Tấn Hùng', '0909876543', '1992/12/11', N'Nam', N'Đà Nẵng', 'hung.phan@email.com', '011234567890', N'Việt Nam'),
('KH0178', N'Lê Duy Khánh', '0973217654', '1993/02/14', N'Nam', N'TP. Hồ Chí Minh', 'khanh.le@email.com', '011345678901', N'Việt Nam'),
('KH0179', N'Nguyễn Thi Quế', '0917654321', '1991/03/15', N'Nữ', N'TP. Hồ Chí Minh', 'que.nguyen@email.com', '011456789012', N'Việt Nam'),
('KH0180', N'Phan Thanh Lâm', '0965432123', '1994/07/08', N'Nam', N'TP. Hồ Chí Minh', 'lam.phan@email.com', '011567890123', N'Việt Nam'),
('KH0181', N'Phan Ngọc Thị', '0965432187', '1995/11/09', N'Nữ', N'Đà Nẵng', 'thi.phan@email.com', '012456789012', N'Việt Nam'),
('KH0182', N'Lê Tuấn Anh', '0907654321', '1994/02/13', N'Nam', N'TP. Hồ Chí Minh', 'anh.le@email.com', '012567890123', N'Việt Nam'),
('KH0183', N'Nguyễn Đức Mạnh', '0972345678', '1991/09/28', N'Nam', N'Hà Nội', 'manh.nguyen@email.com', '012678901234', N'Việt Nam'),
('KH0184', N'Phan Xuân Thanh', '0967876543', '1994/03/10', N'Nam', N'TP. Hồ Chí Minh', 'thanh.phan@email.com', '012789012345', N'Việt Nam'),
('KH0185', N'Lê Minh Hieu', '0903217654', '1993/07/18', N'Nam', N'TP. Hồ Chí Minh', 'hieu.le@email.com', '012890123456', N'Việt Nam'),
('KH0186', N'Nguyễn Hoàng Long', '0912123456', '1992/01/25', N'Nam', N'Hà Nội', 'long.nguyen@email.com', '013012345678', N'Việt Nam'),
('KH0187', N'Phan Trúc Lan', '0976745123', '1994/11/12', N'Nữ', N'TP. Hồ Chí Minh', 'lan.phan@email.com', '013123456789', N'Việt Nam'),
('KH0188', N'Lê Thị Thu Hà', '0903217654', '1991/05/05', N'Nữ', N'Hà Nội', 'ha.le@email.com', '013234567890', N'Việt Nam'),
('KH0189', N'Nguyễn Quỳnh Trang', '0912134567', '1995/07/11', N'Nữ', N'TP. Hồ Chí Minh', 'trang.nguyen@email.com', '013345678901', N'Việt Nam'),
('KH0190', N'Phan Trí Thi', '0971326547', '1992/03/15', N'Nữ', N'TP. Hồ Chí Minh', 'thi.phan@email.com', '013456789012', N'Việt Nam'),
('KH0191', N'Lê Minh Thành', '0907876543', '1991/06/17', N'Nam', N'Đà Nẵng', 'thanh.le@email.com', '013567890123', N'Việt Nam'),
('KH0192', N'Nguyễn Thị Thuận', '0967674321', '1993/04/19', N'Nữ', N'TP. Hồ Chí Minh', 'thuan.nguyen@email.com', '013678901234', N'Việt Nam'),
('KH0193', N'Phan Minh Duy', '0972123456', '1995/01/30', N'Nam', N'Hà Nội', 'duy.phan@email.com', '013789012345', N'Việt Nam'),
('KH0194', N'Lê Thanh Hải', '0905674321', '1994/09/03', N'Nam', N'TP. Hồ Chí Minh', 'hai.le@email.com', '013890123456', N'Việt Nam'),
('KH0195', N'Nguyễn Đình Phú', '0911234567', '1990/12/20', N'Nam', N'Hà Nội', 'phu.nguyen@email.com', '014123456789', N'Việt Nam'),
('KH0196', N'Phan Thị Mai', '0968456712', '1992/02/13', N'Nữ', N'TP. Hồ Chí Minh', 'mai.phan@email.com', '014234567890', N'Việt Nam'),
('KH0197', N'Lê Tâm Lan', '0909876543', '1991/06/25', N'Nữ', N'Hà Nội', 'lan.le@email.com', '014345678901', N'Việt Nam'),
('KH0198', N'Nguyễn Quỳnh Anh', '0912135467', '1993/10/14', N'Nữ', N'TP. Hồ Chí Minh', 'anh.nguyen@email.com', '014456789012', N'Việt Nam'),
('KH0199', N'Phan Quốc Bình', '0973234567', '1992/12/06', N'Nam', N'Hà Nội', 'binh.phan@email.com', '014567890123', N'Việt Nam'),
('KH0200', N'Lê Hồng Sơn', '0908765432', '1994/03/29', N'Nam', N'TP. Hồ Chí Minh', 'son.le@email.com', '014678901234', N'Việt Nam');
go 



--insert dữ liệu cho chức vụ và nhân sự
-- Insert danh sách chức vụ
INSERT INTO ChucVu (MaChucVu, TenChucVu) VALUES
('CV001', N'Giám đốc'),
('CV002', N'Phó giám đốc'),
('CV003', N'Trưởng phòng Kinh doanh'),
('CV004', N'Trưởng phòng Nhân sự'),
('CV005', N'Trưởng phòng Kế toán'),
('CV006', N'Nhân viên Kinh doanh'),
('CV007', N'Nhân viên Nhân sự'),
('CV008', N'Nhân viên Kế toán'),
('CV009', N'Trưởng nhóm IT'),
('CV010', N'Lập trình viên'),
('CV011', N'Nhân viên Marketing'),
('CV012', N'Trưởng phòng Marketing'),
('CV013', N'Nhân viên Hành chính'),
('CV014', N'Nhân viên Thiết kế'),
('CV015', N'Trưởng phòng Thiết kế'),
('CV016', N'Chuyên viên Pháp lý'),
('CV017', N'Trưởng phòng Pháp lý'),
('CV018', N'Nhân viên Bảo vệ'),
('CV019', N'Quản lý dự án'),
('CV020', N'Nhân viên Dự án'),
('CV021', N'Trợ lý Giám đốc'),
('CV022', N'Nhân viên Tư vấn'),
('CV023', N'Nhân viên Chăm sóc khách hàng'),
('CV024', N'Nhân viên Kho vận'),
('CV025', N'Trưởng kho'),
('CV026', N'Kế toán trưởng'),
('CV027', N'Nhân viên Xuất nhập khẩu'),
('CV028', N'Nhân viên Bán hàng'),
('CV029', N'Nhân viên IT Support'),
('CV030', N'Nhân viên QA/QC'),
('CV031', N'Chuyên viên Data Analyst'),
('CV032', N'Chuyên viên AI/ML'),
('CV033', N'Chuyên viên Big Data'),
('CV034', N'Nhân viên Truyền thông'),
('CV035', N'Trưởng phòng Truyền thông'),
('CV036', N'Nhân viên Chạy quảng cáo'),
('CV037', N'Nhân viên SEO'),
('CV038', N'Nhân viên Nội dung'),
('CV039', N'Nhân viên Video Editor'),
('CV040', N'Chuyên viên Nhân sự cấp cao'),
('CV041', N'Nhân viên Đào tạo'),
('CV042', N'Trưởng nhóm Kinh doanh'),
('CV043', N'Nhân viên Phát triển sản phẩm'),
('CV044', N'Trưởng phòng Phát triển sản phẩm'),
('CV045', N'Chuyên viên Chiến lược'),
('CV046', N'Nhân viên R&D'),
('CV047', N'Trưởng phòng R&D'),
('CV048', N'Chuyên viên Logistics'),
('CV049', N'Trưởng phòng Logistics'),
('CV050', N'Giám sát sản xuất');
go

--nhân sự
INSERT INTO NhanSu (MaNhanSu, HoTen, NgaySinh, SDT, CCCD, Email, DiaChi, MaChucVu, NgayVaoLam, Luong) VALUES
('NS001', N'Nguyễn Đình Linh', '1998/04/18', '914722069', '986597444780', 'keith02@gmail.com', N'Terrellfort', 'CV020', '2019/12/25', 14000000),
('NS002', N'Hoàng Hải Hùng', '1994/12/11', '970469651', '733351694397', 'ryan78@gmail.com', N'Hollyland', 'CV006', '2018/04/24', 16000000),
('NS003', N'Huỳnh Quang Trang', '1982/02/21', '964134594', '472236228744', 'keith12@gmail.com', N'Markburgh', 'CV016', '2016/06/05', 17000000),
('NS004', N'Lê Minh Hạnh', '1998/10/02', '977838867', '678070207447', 'mortega@gmail.com', N'South Mistychester', 'CV003', '2024/05/24', 9000000),
('NS005', N'Đặng Thị Nam', '1996/08/19', '929442621', '158393630250', 'flopez@gmail.com', N'Samuelborough', 'CV012', '2022/05/06', 3000000),
('NS006', N'Phan Thị Kiên', '1986/11/01', '964778413', '449333172477', 'johnstonpam@gmail.com', N'New Andrewton', 'CV019', '2023/07/08', 10000000),
('NS007', N'Huỳnh Duy Nam', '2000/12/13', '949218745', '875997327681', 'barrrichard@gmail.com', N'Wuland', 'CV010', '2020/08/17', 6000000),
('NS008', N'Trần Hữu Linh', '1984/08/09', '938600289', '266641333893', 'ievans@gmail.com', N'Lake Erin', 'CV018', '2020/10/19', 21000000),
('NS009', N'Trần Anh Linh', '1990/05/21', '976635550', '833989057777', 'kristin51@gmail.com', N'Robertborough', 'CV004', '2021/03/14', 11000000),
('NS010', N'Phạm Tuấn Tùng', '1990/10/06', '923405538', '464579214666', 'rebeccamiddleton@gmail.com', N'New Colleenbury', 'CV006', '2019/12/24', 26000000),
('NS011', N'Nguyễn Minh Hạnh', '2003/02/09', '966861506', '673868327091', 'garyhughes@gmail.com', N'Lisamouth', 'CV005', '2019/02/04', 7000000),
('NS012', N'Đặng Văn Hương', '1972/04/09', '928909387', '714626221975', 'eyang@gmail.com', N'Bensonmouth', 'CV006', '2018/10/31', 7000000),
('NS013', N'Lê Đình Kiên', '1995/07/21', '951958106', '200163692747', 'terrellscott@gmail.com', N'Hatfieldborough', 'CV015', '2024/07/24', 3000000),
('NS014', N'Vũ Thị Duy', '1994/10/08', '944482682', '426859983652', 'alexanderbell@gmail.com', N'Smithmouth', 'CV006', '2022/02/16', 28000000),
('NS015', N'Phạm Minh Duy', '2005/07/01', '917489445', '665927340980', 'jacquelinealvarado@gmail.com', N'Port Sean', 'CV019', '2017/08/09', 28000000),
('NS016', N'Hoàng Quang Phúc', '1986/01/25', '906418705', '835737813208', 'james20@gmail.com', N'South Rebeccashire', 'CV013', '2016/05/28', 27000000),
('NS017', N'Phạm Tuấn Hiền', '1968/07/22', '911764308', '872447175635', 'kennethperkins@gmail.com', N'South Oliviamouth', 'CV001', '2020/03/19', 11000000),
('NS018', N'Đặng Hải Hậu', '1974/05/12', '978480387', '756798755824', 'jamesjackson@gmail.com', N'East Yolanda', 'CV009', '2015/08/10', 14000000),
('NS019', N'Phạm Hải Nam', '2001/01/14', '926055412', '465045208422', 'diaztina@gmail.com', N'New Gabriel', 'CV001', '2019/06/11', 29000000),
('NS020', N'Hoàng Nhật Nam', '1964/10/30', '932079210', '648134915720', 'craigdickson@gmail.com', N'Matthewshire', 'CV005', '2024/07/07', 8000000),
('NS021', N'Vũ Quang Hương', '2007/02/21', '969136366', '309544473388', 'curtis60@gmail.com', N'South Meganchester', 'CV004', '2016/05/12', 11000000),
('NS022', N'Hoàng Hải Linh', '1977/04/09', '954234407', '579842142209', 'troy34@gmail.com', N'Thomastown', 'CV002', '2022/01/20', 13000000),
('NS023', N'Huỳnh Tuấn Phúc', '1997/04/11', '944965821', '792360605538', 'melissa40@gmail.com', N'Johnsonmouth', 'CV009', '2022/09/12', 22000000),
('NS024', N'Nguyễn Anh Phúc', '1979/02/03', '913417800', '398480256985', 'jesse91@gmail.com', N'Bradyport', 'CV018', '2020/10/17', 9000000),
('NS025', N'Vũ Thị Linh', '2004/07/11', '959334895', '170904745758', 'matthewdaniel@gmail.com', N'East Stephaniefort', 'CV016', '2018/12/13', 18000000),
('NS026', N'Trần Anh Linh', '1982/07/26', '905933934', '216903984500', 'laurie94@gmail.com', N'South Jerry', 'CV006', '2016/03/16', 29000000),
('NS027', N'Huỳnh Đình Hậu', '1989/01/23', '916779711', '642911213340', 'moranadrian@gmail.com', N'Port Michelle', 'CV018', '2020/06/17', 19000000),
('NS028', N'Hoàng Tuấn Trang', '2001/12/22', '921084708', '470196221725', 'omitchell@gmail.com', N'East Amandamouth', 'CV014', '2023/11/04', 23000000),
('NS029', N'Bùi Minh Tùng', '1984/09/21', '955630669', '382165694543', 'sharon97@gmail.com', N'Matthewberg', 'CV012', '2025/01/25', 27000000),
('NS030', N'Phan Tuấn Hậu', '1966/03/02', '949874926', '410382249911', 'miranda98@gmail.com', N'Gregoryborough', 'CV006', '2020/03/02', 4000000),
('NS031', N'Hoàng Hữu Hạnh', '1992/03/18', '906468642', '495795679781', 'mariajones@gmail.com', N'Lake Sarah', 'CV007', '2019/10/13', 15000000),
('NS032', N'Lê Minh Phúc', '1990/08/31', '997011402', '475266782901', 'jacksonadam@gmail.com', N'Lake Sandymouth', 'CV018', '2021/05/08', 30000000),
('NS033', N'Hoàng Thanh Tùng', '1997/02/18', '921982406', '985436423151', 'joseph93@gmail.com', N'East David', 'CV001', '2024/06/01', 22000000),
('NS034', N'Phạm Hải Hương', '1986/08/03', '973846122', '340548800031', 'cortezmichael@gmail.com', N'Lake Holly', 'CV018', '2022/09/21', 29000000),
('NS035', N'Trần Duy Phúc', '1981/06/05', '900763224', '576731838649', 'andrewhernandez@gmail.com', N'West Samuelbury', 'CV014', '2016/06/06', 23000000),
('NS036', N'Phan Đình Phúc', '1984/10/04', '938733131', '268684586376', 'shart@gmail.com', N'New Jenniferport', 'CV020', '2021/08/06', 15000000),
('NS037', N'Trần Nhật Kiên', '1990/05/04', '900737390', '155331030393', 'cwilliams@gmail.com', N'East Chelseabury', 'CV020', '2022/07/07', 26000000),
('NS038', N'Vũ Nhật Hiền', '1986/06/24', '988946269', '437288815113', 'garciaashley@gmail.com', N'Port Jessicaview', 'CV015', '2019/02/01', 25000000),
('NS039', N'Vũ Anh Trang', '1981/05/12', '951070854', '241093502734', 'sherry03@gmail.com', N'Williamsberg', 'CV007', '2016/11/11', 15000000),
('NS040', N'Huỳnh Hữu Tùng', '1971/02/02', '957152664', '125485343447', 'channa@gmail.com', N'Laurenfort', 'CV013', '2020/07/06', 16000000),
('NS041', N'Vũ Anh Nam', '2005/04/10', '988580510', '399880219519', 'lawrencemichelle@gmail.com', N'Sandovalport', 'CV012', '2018/11/13', 6000000),
('NS042', N'Đặng Văn Hiền', '1968/09/28', '979253532', '139970248551', 'justin23@gmail.com', N'New Michelleton', 'CV007', '2022/06/17', 20000000),
('NS043', N'Đặng Hữu Linh', '1974/06/27', '913456684', '587564677085', 'lindsey69@gmail.com', N'Jillchester', 'CV012', '2019/09/30', 5000000),
('NS044', N'Bùi Thanh Duy', '1964/08/05', '974015634', '290822748235', 'weavermatthew@gmail.com', N'Jenniferhaven', 'CV006', '2018/07/27', 6000000),
('NS045', N'Bùi Nhật Hùng', '1991/12/05', '940882000', '298460479271', 'dchavez@gmail.com', N'New Benjamin', 'CV010', '2018/11/02', 15000000),
('NS046', N'Lê Duy Nam', '1972/07/22', '909625834', '594176008587', 'steven67@gmail.com', N'Danielfurt', 'CV020', '2024/03/23', 13000000),
('NS047', N'Huỳnh Hải Trang', '2004/08/13', '999126808', '708617674232', 'fmeyer@gmail.com', N'Baileyfurt', 'CV005', '2023/04/18', 14000000),
('NS048', N'Nguyễn Thanh Trang', '1995/06/08', '969969212', '257977534045', 'robert02@gmail.com', N'West Emilyland', 'CV001', '2021/12/31', 12000000),
('NS049', N'Phạm Văn Linh', '1970/08/03', '997245962', '116663948856', 'daviserica@gmail.com', N'Parkerfort', 'CV005', '2018/07/26', 26000000),
('NS050', N'Bùi Văn Hậu', '1988/08/31', '942034997', '343839534426', 'mknight@gmail.com', N'Brookefort', 'CV014', '2023/08/10', 27000000),
('NS051', N'Nguyễn Thanh Tùng', '1993/08/21', '912223284', '697368292473', 'elarsen@gmail.com', N'Lake Nicholas', 'CV007', '2021/05/19', 3000000),
('NS052', N'Huỳnh Anh Tùng', '1990/03/18', '947107050', '145711257503', 'bthompson@gmail.com', N'New Zachary', 'CV012', '2017/08/16', 8000000),
('NS053', N'Đặng Quang Hùng', '1979/06/19', '912380359', '208659692977', 'brian90@gmail.com', N'Jonesshire', 'CV009', '2022/10/16', 17000000),
('NS054', N'Vũ Hải Trang', '1985/02/18', '982919160', '988427492101', 'bonniefranklin@gmail.com', N'Michaelfort', 'CV007', '2024/02/12', 6000000),
('NS055', N'Đặng Quang Hạnh', '1981/02/13', '951344061', '600151015831', 'othomas@gmail.com', N'South Laura', 'CV011', '2017/04/04', 14000000),
('NS056', N'Phạm Hữu Nam', '1978/07/12', '986844913', '435191249213', 'ian01@gmail.com', N'East Abigailbury', 'CV005', '2024/08/02', 24000000),
('NS057', N'Đặng Anh Linh', '2007/03/01', '979071031', '787172702600', 'jesseblake@gmail.com', N'Moodytown', 'CV003', '2024/09/02', 25000000),
('NS058', N'Phan Minh Linh', '1966/06/02', '992247887', '930252429450', 'nfisher@gmail.com', N'Reynoldston', 'CV003', '2020/11/06', 20000000),
('NS059', N'Nguyễn Duy Tùng', '1969/01/23', '933676762', '456738164488', 'millertonya@gmail.com', N'West Nicholas', 'CV014', '2022/03/09', 28000000),
('NS060', N'Nguyễn Tuấn Duy', '1976/08/12', '966578775', '716091536163', 'danielblair@gmail.com', N'New Devon', 'CV012', '2016/01/07', 4000000),
('NS061', N'Nguyễn Duy Hương', '2000/04/12', '907782003', '256687740278', 'daniel33@gmail.com', N'East Janiceshire', 'CV005', '2022/08/18', 29000000),
('NS062', N'Vũ Hải Hiền', '1965/07/08', '909599876', '713693793832', 'xrodriguez@gmail.com', N'East Ricardofort', 'CV019', '2016/12/11', 15000000),
('NS063', N'Phạm Anh Linh', '1966/10/30', '928180858', '390266231032', 'evan27@gmail.com', N'South Derrickshire', 'CV004', '2018/01/23', 4000000),
('NS064', N'Trần Văn Hùng', '1964/05/14', '933779070', '629092693988', 'qbrewer@gmail.com', N'Stephensfurt', 'CV008', '2024/10/04', 21000000),
('NS065', N'Huỳnh Quang Phúc', '1978/12/19', '988835007', '960397653232', 'tiffany12@gmail.com', N'New Martin', 'CV012', '2024/07/21', 30000000),
('NS066', N'Vũ Văn Hùng', '1989/11/21', '969252567', '303506760484', 'kathyharvey@gmail.com', N'North Benjamin', 'CV015', '2019/08/25', 14000000),
('NS067', N'Phan Văn Hiền', '1986/06/02', '981231392', '344735386052', 'aaronrojas@gmail.com', N'Katherinefurt', 'CV017', '2023/07/24', 3000000),
('NS068', N'Huỳnh Thanh Kiên', '1985/06/18', '970252057', '367994316933', 'chamberseric@gmail.com', N'Port Laura', 'CV009', '2017/09/01', 17000000),
('NS069', N'Lê Hữu Phúc', '1974/10/30', '904794926', '613071158166', 'tamarataylor@gmail.com', N'East Yesenia', 'CV003', '2019/11/19', 22000000),
('NS070', N'Vũ Duy Trang', '1998/08/26', '928126369', '832526666427', 'robert48@gmail.com', N'New Kelly', 'CV007', '2017/05/16', 21000000),
('NS071', N'Phan Tuấn Hiền', '1995/11/17', '981966160', '241950740859', 'stevensonjustin@gmail.com', N'Carrollstad', 'CV018', '2017/12/02', 22000000),
('NS072', N'Hoàng Tuấn Trang', '1983/10/14', '987380395', '960531782199', 'joannezamora@gmail.com', N'Meltonland', 'CV017', '2019/06/18', 13000000),
('NS073', N'Phan Minh Hạnh', '1978/01/03', '983006326', '132437350215', 'gmccoy@gmail.com', N'Shieldsmouth', 'CV003', '2015/11/11', 14000000),
('NS074', N'Huỳnh Tuấn Hậu', '1992/05/20', '948984754', '170789900922', 'vpowers@gmail.com', N'New Helen', 'CV017', '2015/12/14', 15000000),
('NS075', N'Vũ Hải Kiên', '1994/06/29', '992614924', '809253953308', 'heatherpugh@gmail.com', N'South Paul', 'CV005', '2024/05/30', 3000000),
('NS076', N'Huỳnh Thanh Hương', '1976/08/26', '986477559', '372480468721', 'jessicamiller@gmail.com', N'East Amandafort', 'CV005', '2023/08/07', 8000000),
('NS077', N'Hoàng Nhật Duy', '1982/12/19', '946200658', '951984250125', 'cooperrobin@gmail.com', N'Kaitlynfurt', 'CV013', '2022/11/17', 7000000),
('NS078', N'Đặng Văn Duy', '1979/02/17', '940914669', '973091952546', 'diane28@gmail.com', N'East Meganfort', 'CV016', '2022/04/21', 20000000),
('NS079', N'Lê Minh Tùng', '1974/11/22', '982831212', '582807390528', 'nicole78@gmail.com', N'Port Lance', 'CV001', '2022/01/29', 22000000),
('NS080', N'Lê Thị Duy', '1981/05/14', '918434274', '268861296091', 'vhorn@gmail.com', N'New Dennis', 'CV002', '2015/08/09', 7000000),
('NS081', N'Đặng Quang Hùng', '2003/01/04', '943234679', '749556559497', 'ularson@gmail.com', N'Williamside', 'CV014', '2022/11/01', 7000000),
('NS082', N'Nguyễn Quang Tùng', '2000/10/17', '926807279', '386328549434', 'karenadkins@gmail.com', N'Wrightland', 'CV003', '2018/05/20', 23000000),
('NS083', N'Nguyễn Nhật Tùng', '1985/12/14', '980111375', '307704264748', 'lindaturner@gmail.com', N'Victorfort', 'CV002', '2024/03/12', 25000000),
('NS084', N'Phạm Tuấn Nam', '1967/02/01', '994622817', '860050718468', 'heatherfaulkner@gmail.com', N'Jesusberg', 'CV020', '2018/01/13', 4000000),
('NS085', N'Trần Đình Tùng', '1977/11/15', '917837203', '897738181674', 'lindasullivan@gmail.com', N'New Cynthia', 'CV003', '2018/03/19', 26000000),
('NS086', N'Bùi Minh Trang', '1984/05/29', '960936600', '279023658310', 'dallen@gmail.com', N'South Carriebury', 'CV006', '2022/06/07', 14000000),
('NS087', N'Lê Thanh Hùng', '1977/11/04', '938807102', '796808013100', 'josephshepard@gmail.com', N'East James', 'CV011', '2018/03/12', 7000000),
('NS088', N'Huỳnh Thị Trang', '1977/11/03', '923456161', '288472200658', 'susan72@gmail.com', N'North Susan', 'CV012', '2017/03/03', 9000000),
('NS089', N'Vũ Anh Trang', '2003/09/15', '900408403', '116436884052', 'evanselijah@gmail.com', N'Lisashire', 'CV007', '2023/08/21', 15000000),
('NS090', N'Hoàng Nhật Hương', '1981/05/29', '943718508', '942032600088', 'jessicahansen@gmail.com', N'Meyersville', 'CV014', '2022/04/10', 3000000),
('NS091', N'Vũ Thanh Kiên', '1989/04/30', '918246367', '949490343377', 'michelledavis@gmail.com', N'Ericaport', 'CV003', '2021/02/17', 26000000),
('NS092', N'Huỳnh Đình Nam', '1965/12/01', '912023050', '335695534040', 'ounderwood@gmail.com', N'West Kristenmouth', 'CV007', '2015/08/23', 5000000),
('NS093', N'Lê Văn Hậu', '1987/06/20', '965942909', '469186626388', 'tyoung@gmail.com', N'Port David', 'CV009', '2021/02/25', 29000000),
('NS094', N'Trần Nhật Hiền', '1993/02/27', '988460339', '380102966942', 'smitherik@gmail.com', N'South Amanda', 'CV007', '2019/08/08', 14000000),
('NS095', N'Vũ Duy Phúc', '1992/01/25', '901796457', '205508304392', 'harrismichael@gmail.com', N'Port Micheleview', 'CV004', '2020/10/06', 8000000),
('NS096', N'Vũ Hữu Hương', '1964/05/12', '986279008', '189270609400', 'allenmichael@gmail.com', N'Mcguiretown', 'CV007', '2017/01/24', 28000000),
('NS097', N'Nguyễn Văn Kiên', '1992/06/14', '939042234', '801834943315', 'yallen@gmail.com', N'Port Vincent', 'CV008', '2019/02/14', 25000000),
('NS098', N'Trần Văn Linh', '1969/03/20', '903035735', '693299337510', 'davidmartin@gmail.com', N'Laurahaven', 'CV009', '2019/09/30', 17000000),
('NS099', N'Nguyễn Nhật Duy', '1984/08/19', '951189929', '868195787487', 'otanner@gmail.com', N'West Emmahaven', 'CV004', '2024/12/20', 3000000),
('NS100', N'Đặng Anh Hậu', '1996/11/21', '918285709', '918839713587', 'christina91@gmail.com', N'Richardside', 'CV020', '2018/10/09', 29000000),
('NS101', N'Hoàng Duy Hậu', '1979/07/18', '983760028', '747114262391', 'rebeccawallace@gmail.com', N'South Sean', 'CV012', '2021/01/05', 21000000),
('NS102', N'Lê Thị Nam', '1974/05/25', '975431474', '553840831206', 'adamsbonnie@gmail.com', N'Lake Bradleyland', 'CV015', '2023/02/16', 19000000),
('NS103', N'Đặng Thanh Hiền', '2007/01/04', '973239847', '625832447177', 'samuel89@gmail.com', N'Kiddmouth', 'CV020', '2015/06/08', 15000000),
('NS104', N'Phan Thị Hùng', '1970/06/16', '958444349', '518206478840', 'owenstaylor@gmail.com', N'Rickyport', 'CV020', '2018/10/15', 8000000),
('NS105', N'Huỳnh Minh Kiên', '1975/03/12', '956944404', '101409379534', 'kathleen35@gmail.com', N'Lake Adamtown', 'CV003', '2015/09/02', 8000000),
('NS106', N'Phạm Minh Trang', '1989/01/22', '944482671', '931380276866', 'nclark@gmail.com', N'South Jaredborough', 'CV009', '2020/07/27', 8000000),
('NS107', N'Đặng Anh Duy', '1972/10/02', '962264091', '258351687423', 'scott14@gmail.com', N'Jennaton', 'CV009', '2018/06/21', 17000000),
('NS108', N'Phan Tuấn Tùng', '1984/06/15', '976428767', '814827583329', 'collierdenise@gmail.com', N'Jorgestad', 'CV019', '2024/02/28', 27000000),
('NS109', N'Phạm Anh Hương', '1965/11/18', '960819059', '937709734141', 'msantana@gmail.com', N'Jillmouth', 'CV018', '2020/06/23', 23000000),
('NS110', N'Nguyễn Anh Hiền', '1990/08/09', '946653164', '377480270042', 'gstone@gmail.com', N'Robertmouth', 'CV006', '2022/09/06', 29000000),
('NS111', N'Nguyễn Hữu Duy', '2005/10/02', '918700350', '588588592205', 'urose@gmail.com', N'Stoutburgh', 'CV014', '2022/05/30', 12000000),
('NS112', N'Huỳnh Minh Nam', '1969/10/12', '908228275', '111643859046', 'uvillanueva@gmail.com', N'Port Stephanie', 'CV007', '2024/09/18', 25000000),
('NS113', N'Lê Hải Hạnh', '1986/07/09', '938906872', '919724968471', 'moniquewatkins@gmail.com', N'Jenniferborough', 'CV011', '2021/07/14', 19000000),
('NS114', N'Huỳnh Văn Hậu', '1970/08/05', '921445461', '646934199247', 'newmanjohn@gmail.com', N'Deleonfort', 'CV005', '2017/09/29', 13000000),
('NS115', N'Vũ Nhật Kiên', '1988/01/03', '929462334', '434864821190', 'zmedina@gmail.com', N'Debratown', 'CV010', '2021/04/21', 29000000),
('NS116', N'Vũ Hải Hiền', '1977/02/22', '921077770', '557816061222', 'robert99@gmail.com', N'Micheleberg', 'CV004', '2021/06/04', 29000000),
('NS117', N'Trần Thị Nam', '1985/12/30', '994280309', '684701888988', 'sharonrosales@gmail.com', N'Maryport', 'CV009', '2018/04/03', 25000000),
('NS118', N'Lê Nhật Duy', '1967/01/06', '941933164', '165844066758', 'tmccann@gmail.com', N'Port Nicolechester', 'CV012', '2016/03/25', 26000000),
('NS119', N'Hoàng Thị Hậu', '1995/03/24', '907990365', '648922309111', 'dannypratt@gmail.com', N'Port Lindafurt', 'CV018', '2024/10/13', 27000000),
('NS120', N'Lê Hữu Kiên', '2000/11/13', '982624458', '675641855158', 'smithkelly@gmail.com', N'New Thomas', 'CV018', '2022/04/26', 28000000),
('NS121', N'Phan Minh Tùng', '1977/05/03', '910256669', '587834839539', 'padkins@gmail.com', N'Edwardstad', 'CV002', '2024/02/26', 22000000),
('NS122', N'Bùi Hữu Linh', '1968/08/23', '990563453', '151291924223', 'kennethneal@gmail.com', N'West Ryan', 'CV020', '2023/02/20', 17000000),
('NS123', N'Huỳnh Quang Hùng', '1998/12/26', '991320231', '524122419299', 'carriehatfield@gmail.com', N'Damonstad', 'CV010', '2022/03/03', 4000000),
('NS124', N'Phạm Nhật Trang', '2006/03/18', '905974383', '259450103317', 'nancydavis@gmail.com', N'Hillhaven', 'CV020', '2023/12/22', 6000000),
('NS125', N'Huỳnh Tuấn Trang', '1985/10/18', '948996108', '246119481031', 'fgonzalez@gmail.com', N'Lake Dawn', 'CV006', '2022/05/26', 23000000),
('NS126', N'Nguyễn Thanh Hương', '1966/01/27', '960333796', '880287157272', 'davidthompson@gmail.com', N'North Deannaland', 'CV016', '2016/09/08', 8000000),
('NS127', N'Phạm Hải Hạnh', '1996/03/18', '957838703', '640366902834', 'meganmontgomery@gmail.com', N'South Joseph', 'CV009', '2024/10/04', 6000000),
('NS128', N'Phan Minh Trang', '1968/11/07', '984598520', '244003601793', 'sgriffin@gmail.com', N'North Briantown', 'CV019', '2015/11/03', 25000000),
('NS129', N'Hoàng Hữu Hậu', '1981/05/19', '970063123', '931603048906', 'willie94@gmail.com', N'Stacybury', 'CV009', '2018/11/22', 3000000),
('NS130', N'Trần Thị Kiên', '1969/04/05', '999711204', '553902260136', 'tjackson@gmail.com', N'East Jamestown', 'CV011', '2022/09/12', 12000000),
('NS131', N'Trần Hữu Nam', '1998/01/15', '935075150', '397253200112', 'christophercollins@gmail.com', N'Lake Karenmouth', 'CV003', '2023/09/13', 21000000),
('NS132', N'Hoàng Hữu Hùng', '2000/04/20', '922288758', '267414834416', 'stephanielarson@gmail.com', N'Vazquezside', 'CV019', '2018/10/05', 5000000),
('NS133', N'Hoàng Hữu Duy', '1991/05/24', '900202616', '617834559167', 'yramos@gmail.com', N'Kruegerbury', 'CV015', '2023/02/04', 29000000),
('NS134', N'Vũ Văn Kiên', '2000/03/11', '958212986', '182885226031', 'tmeza@gmail.com', N'Lake Jennifer', 'CV005', '2017/02/22', 12000000),
('NS135', N'Đặng Hải Hùng', '2001/05/24', '906343011', '592121608871', 'msalazar@gmail.com', N'Kylemouth', 'CV017', '2019/01/25', 8000000),
('NS136', N'Lê Hữu Hùng', '1985/01/22', '943912766', '981860119882', 'arivera@gmail.com', N'Port Yvetteview', 'CV004', '2022/11/04', 18000000),
('NS137', N'Trần Thanh Hương', '1981/10/18', '927710674', '276387705748', 'katherine68@gmail.com', N'Cynthiaburgh', 'CV014', '2016/04/07', 9000000),
('NS138', N'Hoàng Tuấn Hậu', '1993/03/04', '904996990', '755760512134', 'alvaradojohn@gmail.com', N'North Madelineview', 'CV015', '2017/06/23', 19000000),
('NS139', N'Phạm Nhật Hiền', '1967/01/17', '929051141', '353663998121', 'carolyn52@gmail.com', N'Brownborough', 'CV011', '2022/09/02', 29000000),
('NS140', N'Nguyễn Nhật Hùng', '1981/06/09', '944687459', '325466907316', 'heathermorris@gmail.com', N'Deniseshire', 'CV014', '2018/04/30', 16000000),
('NS141', N'Phan Hải Nam', '1996/10/10', '980564984', '840508210736', 'pamelarichardson@gmail.com', N'Lake James', 'CV009', '2025/02/16', 4000000),
('NS142', N'Trần Hải Hậu', '1979/10/23', '983993138', '293382652092', 'hflowers@gmail.com', N'South Brianbury', 'CV003', '2017/03/07', 21000000),
('NS143', N'Trần Hải Tùng', '1968/11/22', '909682626', '305399535844', 'ronald68@gmail.com', N'Jonesmouth', 'CV019', '2024/01/13', 4000000),
('NS144', N'Phạm Hữu Trang', '1969/05/09', '973697096', '217663547249', 'flemingkaitlin@gmail.com', N'Jenniferberg', 'CV016', '2017/01/30', 30000000),
('NS145', N'Trần Duy Trang', '1972/05/06', '941043981', '897157350856', 'colebeverly@gmail.com', N'Sharonmouth', 'CV019', '2020/10/21', 12000000),
('NS146', N'Bùi Nhật Tùng', '1993/08/11', '927585177', '807156761420', 'erobinson@gmail.com', N'Port Jeremiah', 'CV010', '2020/11/13', 17000000),
('NS147', N'Phạm Hải Kiên', '1991/02/03', '980060820', '547635781421', 'gregory26@gmail.com', N'Jacobview', 'CV011', '2023/06/10', 6000000),
('NS148', N'Vũ Đình Hậu', '1975/09/19', '946695430', '576528243822', 'christopherbowen@gmail.com', N'East Karenberg', 'CV002', '2019/11/30', 5000000),
('NS149', N'Bùi Thanh Hương', '1964/06/09', '934185734', '606162492382', 'clarktina@gmail.com', N'East Amystad', 'CV015', '2018/08/18', 5000000),
('NS150', N'Nguyễn Nhật Hùng', '2004/07/19', '925307477', '246967380122', 'hoffmanmatthew@gmail.com', N'South Matthew', 'CV009', '2017/07/26', 12000000),
('NS151', N'Lê Tuấn Hương', '1973/04/02', '938751543', '458411873746', 'smithjonathan@gmail.com', N'East Kevin', 'CV009', '2019/06/20', 27000000),
('NS152', N'Vũ Quang Hạnh', '1977/06/16', '983447597', '120831567955', 'dpatterson@gmail.com', N'Gregoryton', 'CV020', '2015/08/10', 17000000),
('NS153', N'Lê Minh Hiền', '1991/07/23', '942402473', '372163812690', 'dmiller@gmail.com', N'Lake Karen', 'CV010', '2018/05/07', 13000000),
('NS154', N'Vũ Hải Hương', '1975/02/17', '967920699', '697770528712', 'donna85@gmail.com', N'Jimmyfort', 'CV006', '2018/06/25', 22000000),
('NS155', N'Bùi Thanh Linh', '1994/10/20', '936396685', '555973722309', 'willie90@gmail.com', N'West Steven', 'CV003', '2018/09/17', 22000000),
('NS156', N'Đặng Quang Hùng', '1987/04/12', '912651292', '963763274472', 'ashley24@gmail.com', N'New Laura', 'CV007', '2020/03/23', 22000000),
('NS157', N'Lê Thanh Phúc', '1988/04/18', '963198910', '980870371474', 'kylieswanson@gmail.com', N'Campbelltown', 'CV006', '2018/07/13', 22000000),
('NS158', N'Phan Minh Hùng', '1969/12/19', '967449827', '475722775110', 'caldwellamy@gmail.com', N'West Donaldtown', 'CV006', '2019/06/08', 14000000),
('NS159', N'Trần Duy Linh', '1986/09/25', '927477149', '409687184151', 'richardmorris@gmail.com', N'Susanberg', 'CV005', '2017/04/11', 5000000),
('NS160', N'Nguyễn Minh Phúc', '1966/09/29', '935008659', '971308612821', 'ykirby@gmail.com', N'New Thomaschester', 'CV016', '2015/09/22', 27000000),
('NS161', N'Phan Nhật Duy', '1988/10/29', '925107066', '449949930083', 'stewartsteven@gmail.com', N'Hillview', 'CV015', '2020/08/25', 8000000),
('NS162', N'Vũ Duy Hương', '1970/03/11', '909006746', '186283755628', 'williamsdennis@gmail.com', N'Fernandezville', 'CV015', '2020/11/17', 25000000),
('NS163', N'Vũ Anh Tùng', '1985/12/17', '946624239', '885861005048', 'elizabeth30@gmail.com', N'Melvinside', 'CV011', '2024/08/28', 10000000),
('NS164', N'Huỳnh Duy Duy', '1992/05/30', '935513126', '577038698630', 'harrisemily@gmail.com', N'Tranberg', 'CV001', '2024/03/24', 9000000),
('NS165', N'Đặng Thị Trang', '1993/06/29', '919229458', '560355145623', 'elizabeth28@gmail.com', N'Keithtown', 'CV016', '2016/12/12', 22000000),
('NS166', N'Trần Duy Hiền', '2000/04/19', '996627688', '614039112938', 'jwilliams@gmail.com', N'Dunnchester', 'CV014', '2023/08/25', 13000000),
('NS167', N'Huỳnh Thị Duy', '2000/06/29', '946374398', '477851268888', 'kgarcia@gmail.com', N'Saundershaven', 'CV001', '2020/05/06', 5000000),
('NS168', N'Phan Đình Hiền', '1976/10/27', '974303960', '140268018574', 'rosarioryan@gmail.com', N'Douglasshire', 'CV011', '2021/04/04', 22000000),
('NS169', N'Phạm Hữu Phúc', '2006/01/01', '921831378', '318472523145', 'kenneth09@gmail.com', N'Port Ashley', 'CV008', '2021/04/27', 7000000),
('NS170', N'Vũ Văn Kiên', '1972/02/01', '970124770', '292298419531', 'aturner@gmail.com', N'West David', 'CV013', '2015/06/03', 9000000),
('NS171', N'Phạm Văn Hậu', '2003/05/24', '903875148', '445333494506', 'danielle70@gmail.com', N'East Hectortown', 'CV019', '2016/05/19', 10000000),
('NS172', N'Đặng Đình Hùng', '2001/11/01', '919348811', '852049306219', 'eshaw@gmail.com', N'East Anafort', 'CV006', '2023/11/19', 22000000),
('NS173', N'Bùi Quang Kiên', '2003/02/08', '967874748', '137424575245', 'iwilson@gmail.com', N'Navarrobury', 'CV008', '2020/10/15', 13000000),
('NS174', N'Bùi Đình Phúc', '1986/12/06', '915017762', '665930142769', 'zcampbell@gmail.com', N'Josephbury', 'CV017', '2023/10/07', 16000000),
('NS175', N'Vũ Hữu Hiền', '1976/08/26', '988474365', '457480673518', 'brianmiddleton@gmail.com', N'Lake Luisville', 'CV001', '2017/05/08', 15000000),
('NS176', N'Đặng Quang Trang', '2004/01/05', '953789817', '599221774823', 'teresa80@gmail.com', N'New Doris', 'CV012', '2016/04/18', 4000000),
('NS177', N'Bùi Thanh Hiền', '1985/09/23', '944672467', '423711598989', 'davidpace@gmail.com', N'Lake Stacy', 'CV001', '2024/02/14', 15000000),
('NS178', N'Phạm Hải Hùng', '1997/01/15', '901820780', '962724748851', 'brandonglass@gmail.com', N'East Darrell', 'CV005', '2022/08/30', 7000000),
('NS179', N'Bùi Nhật Hạnh', '1979/02/17', '988335550', '134712180763', 'jennifer97@gmail.com', N'Kathrynfurt', 'CV020', '2017/04/18', 5000000),
('NS180', N'Nguyễn Quang Trang', '2002/12/05', '921638942', '700785547620', 'myersshawn@gmail.com', N'Rebeccabury', 'CV014', '2021/11/09', 6000000),
('NS181', N'Lê Nhật Hùng', '1980/03/25', '973118310', '861536909978', 'hatfieldsamuel@gmail.com', N'South Regina', 'CV015', '2019/12/12', 6000000),
('NS182', N'Nguyễn Thanh Hiền', '1979/05/03', '945459455', '687335231010', 'davisjustin@gmail.com', N'Wareside', 'CV009', '2015/11/18', 22000000),
('NS183', N'Hoàng Thanh Hạnh', '1987/02/16', '992568320', '688369199642', 'rachel31@gmail.com', N'West Thomasfurt', 'CV001', '2020/06/06', 18000000),
('NS184', N'Bùi Hữu Hiền', '1998/10/28', '904621274', '676943781891', 'elizabethmyers@gmail.com', N'West Christophermouth', 'CV009', '2019/03/09', 30000000),
('NS185', N'Đặng Thanh Hạnh', '2004/12/08', '917891910', '995503151237', 'matthew18@gmail.com', N'Hebertview', 'CV004', '2016/08/15', 12000000),
('NS186', N'Huỳnh Duy Phúc', '1985/01/09', '958456677', '712258250987', 'rachel98@gmail.com', N'Wilkinschester', 'CV015', '2023/08/11', 28000000),
('NS187', N'Vũ Anh Hương', '1969/03/28', '966710858', '970030612253', 'wmoon@gmail.com', N'South Jason', 'CV003', '2017/08/31', 15000000),
('NS188', N'Phạm Thanh Linh', '1974/11/09', '954755373', '508361479523', 'evanspatrick@gmail.com', N'South Angela', 'CV019', '2017/02/23', 17000000),
('NS189', N'Hoàng Đình Hậu', '1972/11/12', '936969347', '477916895321', 'deanna67@gmail.com', N'Ramirezbury', 'CV017', '2015/09/08', 26000000),
('NS190', N'Phan Duy Hậu', '2002/01/24', '914613991', '423067550014', 'pallen@gmail.com', N'Yeseniaview', 'CV006', '2022/05/09', 3000000),
('NS191', N'Huỳnh Đình Duy', '1995/10/11', '954700166', '432583910088', 'smithmichael@gmail.com', N'Jodiberg', 'CV002', '2016/08/11', 24000000),
('NS192', N'Vũ Đình Hiền', '2001/01/20', '959677987', '279442604521', 'lisa55@gmail.com', N'New Robert', 'CV017', '2023/06/07', 30000000),
('NS193', N'Phan Thanh Hạnh', '2001/07/31', '975495536', '373068307090', 'josephreed@gmail.com', N'Lake Jennifer', 'CV003', '2025/03/06', 13000000),
('NS194', N'Huỳnh Thanh Tùng', '2005/09/27', '929518755', '569264063127', 'mary64@gmail.com', N'Lake Traceybury', 'CV010', '2017/03/28', 5000000),
('NS195', N'Đặng Minh Hiền', '1987/05/07', '961108860', '310808635846', 'kimberlykelly@gmail.com', N'North Cassie', 'CV012', '2021/07/23', 24000000),
('NS196', N'Bùi Anh Linh', '1990/03/31', '939273780', '788312017021', 'lopezpaul@gmail.com', N'Weaverchester', 'CV018', '2020/02/15', 14000000),
('NS197', N'Vũ Thanh Hiền', '2002/09/17', '979480028', '304038594858', 'richardgillespie@gmail.com', N'Lake Kylehaven', 'CV006', '2023/03/24', 7000000),
('NS198', N'Đặng Hữu Hậu', '1966/06/23', '983445044', '931739242236', 'robert12@gmail.com', N'Lake Julian', 'CV001', '2018/03/25', 23000000),
('NS199', N'Phan Thị Duy', '1976/12/27', '976550983', '367597090397', 'markrios@gmail.com', N'Newtonfurt', 'CV004', '2022/01/19', 20000000),
('NS200', N'Đặng Tuấn Hùng', '1976/12/12', '960060809', '157949092994', 'landerson@gmail.com', N'Brownport', 'CV020', '2016/06/28', 7000000);

create table HoaDonDatTiec (
	MaNhanSu varchar(8) references NhanSu(MaNhanSu),
	maHDDT varchar(12) not null primary key,
	maDT varchar(12) NOT NULL references DatTiec(maDT),
	ngayLap date not null,
	tongTien float not null,
	trangThai nvarchar(150) not null)

