use DbQuanLyResort
go
set dateformat dmy
go
--insert dữ liệu cho khách hàng
insert into KhachHang (MaKH, TenKH, SoDT, NgaySinh, GioiTinh, Diachi, Email, CCCD, QuocTich)
values
('KH0001', N'Nguyễn Thị Mai', '0123456789', '1985/06/15', N'Nữ', N'Hà Nội', 'mai.yen@email.com', '123456789012', N'Việt Nam'),
('KH0002', N'Lê Minh Tú', '0987654321', '1990/08/20', N'Nam', N'Hà Nội', 'tu.le@email.com', '234567890123', N'Việt Nam'),
('KH0003', N'Phạm Lan Anh', '0912345678', '1988/04/05', N'Nữ', N'Hà Nội', 'lan.anh@email.com', '345678901234', N'Việt Nam'),
('KH0004', N'Trương Quốc Anh', '0909876543', '1995/02/12', N'Nam', N'Hà Nội', 'quoc.anh@email.com', '456789012345', N'Việt Nam'),
('KH0005', N'Nguyễn Hoàng Nam', '0934123456', '1992/11/22', N'Nam', N'TP. Hồ Chí Minh', 'hoangnam.nguyen@email.com', '567890123456', N'Việt Nam'),
('KH0006', N'Hồ Thị Lan', '0976123456', '1987/09/17', N'Nữ', N'Hà Nội', 'lan.ho@email.com', '678901234567', N'Việt Nam'),
('KH0007', N'Phan Minh Tuấn', '0965123456', '1993/10/11', N'Nam', N'Đà Nẵng', 'tuan.phan@email.com', '789012345678', N'Việt Nam'),
('KH0008', N'Nguyễn Văn Hải', '0906345123', '1986/02/25', N'Nam', N'TP. Hồ Chí Minh', 'hai.nguyen@email.com', '890123456789', N'Việt Nam'),
('KH0009', N'Trần Minh Tâm', '0912340987', '1994/07/30', N'Nam', N'Hải Phòng', 'tam.tran@email.com', '901234567890', N'Việt Nam'),
('KH0010', N'Võ Thị Thu', '0987123456', '1987/12/10', N'Nữ', N'Đà Nẵng', 'thu.vo@email.com', '012345678901', N'Việt Nam'),
('KH0011', N'Nguyễn Đình Mạnh', '0967890123', '1991/03/17', N'Nam', N'Bình Dương', 'manh.nguyen@email.com', '123456789234', N'Việt Nam'),
('KH0012', N'Hoàng Thanh Tuyền', '0935612345', '1995/01/05', N'Nữ', N'TP. Hồ Chí Minh', 'tuyen.hoang@email.com', '234567890345', N'Việt Nam'),
('KH0013', N'Phan Thanh Bình', '0905346789', '1993/06/15', N'Nam', N'Hà Nội', 'binh.phan@email.com', '345678901456', N'Việt Nam'),
('KH0014', N'Phạm Thị Hương', '0912564789', '1992/11/22', N'Nữ', N'Đà Nẵng', 'huong.pham@email.com', '456789012567', N'Việt Nam'),
('KH0015', N'Trần Duy Phước', '0945123678', '1990/09/08', N'Nam', N'Hà Nội', 'phuoc.tran@email.com', '567890123678', N'Việt Nam'),
('KH0016', N'Nguyễn Thị Thanh', '0976345210', '1988/04/17', N'Nữ', N'Hà Nội', 'thanh.nguyen@email.com', '678901234789', N'Việt Nam'),
('KH0017', N'Lê Thiên An', '0901234567', '1991/05/25', N'Nữ', N'TP. Hồ Chí Minh', 'an.le@email.com', '789012345890', N'Việt Nam'),
('KH0018', N'Võ Minh Hoàng', '0968745632', '1989/01/14', N'Nam', N'Hà Nội', 'hoang.vo@email.com', '890123456901', N'Việt Nam'),
('KH0019', N'Nguyễn Mạnh Hùng', '0913456789', '1994/10/12', N'Nam', N'TP. Hồ Chí Minh', 'hung.nguyen@email.com', '901234567012', N'Việt Nam'),
('KH0020', N'Trương Thị Lan', '0923456789', '1996/06/03', N'Nữ', N'Hải Phòng', 'lan.truong@email.com', '012345678123', N'Việt Nam'),
('KH0021', N'Nguyễn Minh Tuấn', '0934567890', '1993/02/25', N'Nam', N'Hà Nội', 'tuan.nguyen@email.com', '234567890123', N'Việt Nam'),
('KH0022', N'Phan Thị Thu', '0902123456', '1989/04/30', N'Nữ', N'Đà Nẵng', 'thu.phan@email.com', '345678901234', N'Việt Nam'),
('KH0023', N'Võ Thị Bích', '0978123456', '1992/07/05', N'Nữ', N'TP. Hồ Chí Minh', 'bich.vo@email.com', '456789012345', N'Việt Nam'),
('KH0024', N'Nguyễn Thị Lan', '0912345678', '1990/09/21', N'Nữ', N'Hà Nội', 'lan.nguyen@email.com', '567890123456', N'Việt Nam'),
('KH0025', N'Nguyễn Hoàng Thắng', '0965789123', '1994/12/02', N'Nam', N'TP. Hồ Chí Minh', 'thang.nguyen@email.com', '678901234567', N'Việt Nam'),
('KH0026', N'Phạm Tuấn Kiệt', '0932567890', '1991/11/19', N'Nam', N'Hải Phòng', 'kiet.pham@email.com', '789012345678', N'Việt Nam'),
('KH0027', N'Lê Thanh Thảo', '0904234567', '1988/06/10', N'Nữ', N'Đà Nẵng', 'thao.le@email.com', '890123456789', N'Việt Nam'),
('KH0028', N'Võ Ngọc Bảo', '0912789654', '1992/01/05', N'Nam', N'TP. Hồ Chí Minh', 'bao.vo@email.com', '901234567890', N'Việt Nam'),
('KH0029', N'Trương Quang Huy', '0904789653', '1993/10/15', N'Nam', N'Hà Nội', 'huy.truong@email.com', '012345678901', N'Việt Nam'),
('KH0030', N'Nguyễn Kim Liên', '0971564789', '1991/04/07', N'Nữ', N'Hải Phòng', 'lien.nguyen@email.com', '123456789012', N'Việt Nam'),
('KH0031', N'Phan Quang Tuấn', '0903654789', '1995/08/15', N'Nam', N'TP. Hồ Chí Minh', 'tuan.phan@email.com', '234567890123', N'Việt Nam'),
('KH0032', N'Trần Đình Mạnh', '0982435789', '1990/03/03', N'Nam', N'Hà Nội', 'manh.tran@email.com', '345678901234', N'Việt Nam'),
('KH0033', N'Nguyễn Thị Tuyết', '0913456879', '1987/05/24', N'Nữ', N'TP. Hồ Chí Minh', 'tuyet.nguyen@email.com', '456789012345', N'Việt Nam'),
('KH0034', N'Hoàng Thị Bích', '0962345678', '1992/01/11', N'Nữ', N'Đà Nẵng', 'bich.hoang@email.com', '567890123456', N'Việt Nam'),
('KH0035', N'Võ Quang Hiếu', '0975678943', '1994/06/15', N'Nam', N'Hải Phòng', 'hieu.vo@email.com', '678901234567', N'Việt Nam'),
('KH0036', N'Nguyễn Thị Nhung', '0904567890', '1989/07/22', N'Nữ', N'TP. Hồ Chí Minh', 'nhung.nguyen@email.com', '789012345678', N'Việt Nam'),
('KH0037', N'Phan Thành Công', '0961234789', '1990/08/12', N'Nam', N'Hà Nội', 'cong.phan@email.com', '890123456789', N'Việt Nam'),
('KH0038', N'Võ Thị Tường', '0906547891', '1995/09/09', N'Nữ', N'Đà Nẵng', 'tuong.vo@email.com', '901234567890', N'Việt Nam'),
('KH0039', N'Lê Tuấn Anh', '0934678901', '1994/12/20', N'Nam', N'TP. Hồ Chí Minh', 'anh.le@email.com', '012345678901', N'Việt Nam'),
('KH0040', N'Nguyễn Thị Như', '0912678912', '1991/04/17', N'Nữ', N'Hà Nội', 'nhu.nguyen@email.com', '123456789234', N'Việt Nam'),
('KH0041', N'Phan Minh Triết', '0987654321', '1992/09/22', N'Nam', N'Hải Phòng', 'triet.phan@email.com', '234567890345', N'Việt Nam'),
('KH0042', N'Hoàng Minh Tuấn', '0901122334', '1993/05/15', N'Nam', N'TP. Hồ Chí Minh', 'tuan.hoang@email.com', '345678901456', N'Việt Nam'),
('KH0043', N'Nguyễn Quỳnh Hoa', '0976123456', '1991/10/10', N'Nữ', N'Hà Nội', 'hoa.nguyen@email.com', '456789012567', N'Việt Nam'),
('KH0044', N'Phan Minh Hải', '0961234987', '1990/06/28', N'Nam', N'TP. Hồ Chí Minh', 'hai.phan@email.com', '567890123678', N'Việt Nam'),
('KH0045', N'Võ Đình Cảnh', '0916789321', '1995/11/18', N'Nam', N'Đà Nẵng', 'canh.vo@email.com', '678901234789', N'Việt Nam'),
('KH0046', N'Nguyễn Minh Tú', '0906543210', '1994/04/23', N'Nam', N'TP. Hồ Chí Minh', 'tu.nguyen@email.com', '789012345890', N'Việt Nam'),
('KH0047', N'Nguyễn Văn Duy', '0965412378', '1995/02/17', N'Nam', N'Hà Nội', 'duy.nguyen@email.com', '234567890654', N'Việt Nam'),
('KH0048', N'Phan Thiên An', '0936587432', '1991/11/06', N'Nữ', N'Đà Nẵng', 'an.phan@email.com', '345678901765', N'Việt Nam'),
('KH0049', N'Võ Ngọc Minh', '0912457896', '1992/03/15', N'Nam', N'TP. Hồ Chí Minh', 'minh.vo@email.com', '456789012876', N'Việt Nam'),
('KH0050', N'Nguyễn Thị Cẩm', '0904536879', '1994/08/30', N'Nữ', N'Hải Phòng', 'cam.nguyen@email.com', '567890123987', N'Việt Nam'),
('KH0051', N'Phạm Quang Duy', '0976341567', '1990/12/12', N'Nam', N'TP. Hồ Chí Minh', 'duy.pham@email.com', '678901234098', N'Việt Nam'),
('KH0052', N'Hoàng Thị Thuý', '0968745123', '1987/10/22', N'Nữ', N'Hà Nội', 'thuy.hoang@email.com', '789012345209', N'Việt Nam'),
('KH0053', N'Lê Thanh Tùng', '0915647382', '1995/03/09', N'Nam', N'Đà Nẵng', 'tung.le@email.com', '890123456310', N'Việt Nam'),
('KH0054', N'Võ Hoàng Ngọc', '0905632978', '1991/07/01', N'Nam', N'TP. Hồ Chí Minh', 'ngoc.vo@email.com', '901234567421', N'Việt Nam'),
('KH0055', N'Nguyễn Hữu Thanh', '0987654320', '1992/05/25', N'Nam', N'Hải Phòng', 'thanh.nguyen@email.com', '012345678532', N'Việt Nam'),
('KH0056', N'Phan Quang Hiền', '0912345670', '1993/06/07', N'Nữ', N'TP. Hồ Chí Minh', 'hien.phan@email.com', '123456789643', N'Việt Nam'),
('KH0057', N'Lê Tuấn Kiệt', '0976123451', '1990/01/23', N'Nam', N'Hà Nội', 'kiet.le@email.com', '234567890754', N'Việt Nam'),
('KH0058', N'Võ Đình Sơn', '0965432123', '1994/04/15', N'Nam', N'TP. Hồ Chí Minh', 'son.vo@email.com', '345678901865', N'Việt Nam'),
('KH0059', N'Nguyễn Thị Quỳnh', '0912345673', '1992/12/18', N'Nữ', N'Đà Nẵng', 'quynh.nguyen@email.com', '456789012976', N'Việt Nam'),
('KH0060', N'Phạm Thanh Mai', '0976543210', '1993/02/10', N'Nữ', N'TP. Hồ Chí Minh', 'mai.pham@email.com', '567890123087', N'Việt Nam'),
('KH0061', N'Võ Minh Tài', '0905674321', '1995/03/03', N'Nam', N'Hải Phòng', 'tai.vo@email.com', '678901234198', N'Việt Nam'),
('KH0062', N'Nguyễn Quang Hải', '0918765432', '1991/09/21', N'Nam', N'TP. Hồ Chí Minh', 'hai.nguyen@email.com', '789012345209', N'Việt Nam'),
('KH0063', N'Phan Thanh Hưng', '0907654323', '1990/05/07', N'Nam', N'Đà Nẵng', 'hung.phan@email.com', '890123456310', N'Việt Nam'),
('KH0064', N'Võ Thị Tịnh', '0965432710', '1992/11/18', N'Nữ', N'TP. Hồ Chí Minh', 'tinh.vo@email.com', '901234567421', N'Việt Nam'),
('KH0065', N'Nguyễn Quốc Hưng', '0932456789', '1994/07/10', N'Nam', N'Đà Nẵng', 'hung.nguyen@email.com', '012345678532', N'Việt Nam'),
('KH0066', N'Phan Thiết Thảo', '0906789321', '1992/02/25', N'Nữ', N'Hà Nội', 'thao.phan@email.com', '123456789643', N'Việt Nam'),
('KH0067', N'Võ Minh Hùng', '0972345671', '1990/03/19', N'Nam', N'Hải Phòng', 'hung.vo@email.com', '345678901865', N'Việt Nam'),
('KH0068', N'Nguyễn Thị Minh', '0901234598', '1994/12/12', N'Nữ', N'TP. Hồ Chí Minh', 'minh.nguyen@email.com', '456789012976', N'Việt Nam'),
('KH0069', N'Phan Quang Hùng', '0967890432', '1995/08/17', N'Nam', N'Đà Nẵng', 'hung.phan@email.com', '567890123087', N'Việt Nam'),
('KH0070', N'Võ Thị Thanh', '0934567890', '1991/11/13', N'Nữ', N'TP. Hồ Chí Minh', 'thanh.vo@email.com', '678901234198', N'Việt Nam'),
('KH0071', N'Nguyễn Quang Hải', '0902345679', '1994/05/17', N'Nam', N'TP. Hồ Chí Minh', 'hai.nguyen@email.com', '789012345209', N'Việt Nam'),
('KH0072', N'Phan Minh Hùng', '0971234567', '1992/06/29', N'Nam', N'TP. Hồ Chí Minh', 'hung.phan@email.com', '234567890230', N'Việt Nam'),
('KH0073', N'Lê Thi Minh', '0916547389', '1995/01/01', N'Nữ', N'Đà Nẵng', 'minh.le@email.com', '345678901341', N'Việt Nam'),
('KH0074', N'Võ Quang Hữu', '0909876543', '1990/09/30', N'Nam', N'TP. Hồ Chí Minh', 'huu.vo@email.com', '456789012452', N'Việt Nam'),
('KH0075', N'Nguyễn Văn Sơn', '0976554321', '1993/05/18', N'Nam', N'Hà Nội', 'son.nguyen@email.com', '567890123563', N'Việt Nam'),
('KH0076', N'Phan Quốc Tuấn', '0903456789', '1994/02/11', N'Nam', N'Đà Nẵng', 'tuan.phan@email.com', '678901234674', N'Việt Nam'),
('KH0077', N'Lê Thị Thanh', '0912345670', '1995/12/05', N'Nữ', N'TP. Hồ Chí Minh', 'thanh.le@email.com', '789012345785', N'Việt Nam'),
('KH0078', N'Võ Minh Tuấn', '0973456789', '1991/08/18', N'Nam', N'Đà Nẵng', 'tuan.vo@email.com', '890123456896', N'Việt Nam'),
('KH0079', N'Nguyễn Thị Liên', '0936547891', '1993/04/27', N'Nữ', N'TP. Hồ Chí Minh', 'lien.nguyen@email.com', '901234567907', N'Việt Nam'),
('KH0080', N'Phan Minh Hải', '0902345678', '1990/07/19', N'Nam', N'TP. Hồ Chí Minh', 'hai.phan@email.com', '012345678018', N'Việt Nam'),
('KH0081', N'Lê Quang Hiệp', '0965454321', '1991/03/25', N'Nam', N'Hà Nội', 'hiep.le@email.com', '123456789019', N'Việt Nam'),
('KH0082', N'Võ Quỳnh Hằng', '0915678900', '1993/07/17', N'Nữ', N'TP. Hồ Chí Minh', 'hang.vo@email.com', '234567890120', N'Việt Nam'),
('KH0083', N'Nguyễn Văn Khoa', '0934897564', '1990/06/04', N'Nam', N'Đà Nẵng', 'khoa.nguyen@email.com', '345678901231', N'Việt Nam'),
('KH0084', N'Phan Thị Vân', '0904321789', '1994/12/09', N'Nữ', N'TP. Hồ Chí Minh', 'van.phan@email.com', '456789012342', N'Việt Nam'),
('KH0085', N'Lê Thanh Tâm', '0976543212', '1992/09/18', N'Nữ', N'Đà Nẵng', 'tam.le@email.com', '567890123453', N'Việt Nam'),
('KH0086', N'Võ Minh Trung', '0935678901', '1990/11/13', N'Nam', N'Hà Nội', 'trung.vo@email.com', '678901234564', N'Việt Nam'),
('KH0087', N'Nguyễn Thị Nhung', '0962345678', '1994/10/30', N'Nữ', N'TP. Hồ Chí Minh', 'nhung.nguyen@email.com', '789012345675', N'Việt Nam'),
('KH0088', N'Phan Thi Ngọc', '0903123456', '1991/02/15', N'Nữ', N'Đà Nẵng', 'ngoc.phan@email.com', '890123456786', N'Việt Nam'),
('KH0089', N'Lê Minh Duy', '0973234567', '1995/06/10', N'Nam', N'TP. Hồ Chí Minh', 'duy.le@email.com', '901234567897', N'Việt Nam'),
('KH0090', N'Võ Quốc Huy', '0934567899', '1993/08/23', N'Nam', N'Đà Nẵng', 'huy.vo@email.com', '012345678908', N'Việt Nam'),
('KH0091', N'Nguyễn Minh Khuê', '0902345987', '1992/07/13', N'Nữ', N'TP. Hồ Chí Minh', 'khuê.nguyen@email.com', '123456789019', N'Việt Nam'),
('KH0092', N'Phan Trần Hùng', '0965432189', '1991/10/30', N'Nam', N'TP. Hồ Chí Minh', 'hung.phan@email.com', '234567890120', N'Việt Nam'),
('KH0093', N'Lê Thi Kim', '0932456789', '1994/09/25', N'Nữ', N'Đà Nẵng', 'kim.le@email.com', '345678901231', N'Việt Nam'),
('KH0094', N'Võ Minh Hoàng', '0965678901', '1995/04/07', N'Nam', N'TP. Hồ Chí Minh', 'hoang.vo@email.com', '456789012342', N'Việt Nam'),
('KH0095', N'Nguyễn Thị Tuyết', '0906543210', '1993/03/05', N'Nữ', N'Đà Nẵng', 'tuyet.nguyen@email.com', '567890123453', N'Việt Nam'),
('KH0096', N'Phan Minh Đức', '0976789012', '1990/02/16', N'Nam', N'TP. Hồ Chí Minh', 'duc.phan@email.com', '678901234564', N'Việt Nam'),
('KH0097', N'Lê Thanh Nhàn', '0934556789', '1992/06/20', N'Nữ', N'TP. Hồ Chí Minh', 'nhan.le@email.com', '789012345675', N'Việt Nam'),
('KH0098', N'Võ Đình Quang', '0962345678', '1994/05/22', N'Nam', N'Hà Nội', 'quang.vo@email.com', '890123456786', N'Việt Nam'),
('KH0099', N'Nguyễn Minh Khôi', '0912345678', '1993/12/01', N'Nam', N'Đà Nẵng', 'khoi.nguyen@email.com', '901234567897', N'Việt Nam'),
('KH0100', N'Phan Minh Bình', '0901234567', '1990/01/15', N'Nam', N'TP. Hồ Chí Minh', 'binh.phan@email.com', '012345678908', N'Việt Nam'),
('KH0101', N'Phạm Minh Thu', '0916342587', '1996/01/05', N'Nữ', N'Hà Nội', 'thi.mai@email.com', '000012345678', N'Việt Nam'),
('KH0102', N'Nguyễn Thi Thanh', '0963425867', '1994/02/20', N'Nữ', N'TP. Hồ Chí Minh', 'thanh.nguyen@email.com', '000123456789', N'Việt Nam'),
('KH0103', N'Võ Minh Thành', '0935234678', '1995/03/18', N'Nam', N'Hà Nội', 'thanh.vo@email.com', '000234567890', N'Việt Nam'),
('KH0104', N'Lê Quốc Duy', '0976723456', '1990/12/04', N'Nam', N'Đà Nẵng', 'duy.le@email.com', '000345678901', N'Việt Nam'),
('KH0105', N'Nguyễn Thị Lan', '0901123456', '1993/08/17', N'Nữ', N'TP. Hồ Chí Minh', 'lan.nguyen@email.com', '000456789012', N'Việt Nam'),
('KH0106', N'Phan Hoàng Nam', '0912212345', '1992/06/23', N'Nam', N'TP. Hồ Chí Minh', 'nam.phan@email.com', '000567890123', N'Việt Nam'),
('KH0107', N'Lê Minh Quân', '0934345678', '1995/10/28', N'Nam', N'Đà Nẵng', 'quan.le@email.com', '000678901234', N'Việt Nam'),
('KH0108', N'Nguyễn Thi Mai', '0909876543', '1991/09/10', N'Nữ', N'TP. Hồ Chí Minh', 'mai.nguyen@email.com', '000789012345', N'Việt Nam'),
('KH0109', N'Phan Trường Giang', '0976543210', '1994/11/03', N'Nam', N'TP. Hồ Chí Minh', 'giang.phan@email.com', '000890123456', N'Việt Nam'),
('KH0110', N'Lê Hữu Phước', '0932123456', '1992/05/21', N'Nam', N'Hà Nội', 'phuoc.le@email.com', '001234567890', N'Việt Nam'),
('KH0111', N'Nguyễn Quốc Hùng', '0912233445', '1993/07/14', N'Nam', N'TP. Hồ Chí Minh', 'hung.nguyen@email.com', '001345678901', N'Việt Nam'),
('KH0112', N'Võ Tâm Nguyên', '0976543212', '1995/03/06', N'Nam', N'Hà Nội', 'nguyen.vo@email.com', '001456789012', N'Việt Nam'),
('KH0113', N'Phan Trần Mỹ', '0915432167', '1994/12/10', N'Nữ', N'TP. Hồ Chí Minh', 'my.phan@email.com', '001567890123', N'Việt Nam'),
('KH0114', N'Lê Minh Quang', '0934567891', '1990/04/18', N'Nam', N'Hà Nội', 'quang.le@email.com', '001678901234', N'Việt Nam'),
('KH0115', N'Nguyễn Tất Đạt', '0903456789', '1992/08/02', N'Nam', N'TP. Hồ Chí Minh', 'dat.nguyen@email.com', '001789012345', N'Việt Nam'),
('KH0116', N'Phan Như Quỳnh', '0965789123', '1995/10/16', N'Nữ', N'Hà Nội', 'quynh.phan@email.com', '001890123456', N'Việt Nam'),
('KH0117', N'Lê Tùng Sơn', '0972123456', '1991/12/22', N'Nam', N'Đà Nẵng', 'son.le@email.com', '001234567890', N'Việt Nam'),
('KH0118', N'Nguyễn Thanh Vân', '0934345678', '1993/09/07', N'Nữ', N'TP. Hồ Chí Minh', 'van.nguyen@email.com', '001345678901', N'Việt Nam'),
('KH0119', N'Phan Trọng Duy', '0909876543', '1994/05/19', N'Nam', N'Hà Nội', 'duy.phan@email.com', '001456789012', N'Việt Nam'),
('KH0120', N'Lê Hà Thảo', '0932123456', '1995/01/29', N'Nữ', N'TP. Hồ Chí Minh', 'thao.le@email.com', '001567890123', N'Việt Nam'),
('KH0121', N'Nguyễn Văn Hải', '0916789123', '1992/11/10', N'Nam', N'Hà Nội', 'hai.nguyen@email.com', '001678901234', N'Việt Nam'),
('KH0122', N'Phan Văn Khoa', '0909876543', '1991/10/05', N'Nam', N'Đà Nẵng', 'khoa.phan@email.com', '001789012345', N'Việt Nam'),
('KH0123', N'Lê Hoàng Sơn', '0971234567', '1993/03/30', N'Nam', N'TP. Hồ Chí Minh', 'son.le@email.com', '001890123456', N'Việt Nam'),
('KH0124', N'Nguyễn Thi Mai', '0902345678', '1994/07/15', N'Nữ', N'Hà Nội', 'mai.nguyen@email.com', '002345678901', N'Việt Nam'),
('KH0125', N'Nguyễn Hoàng Nam', '0932123456', '1995/01/29', N'Nam', N'TP. Hồ Chí Minh', 'nam.nguyen@email.com', '001234567890', N'Việt Nam'),
('KH0126', N'Phan Trọng Duy', '0912123456', '1993/06/20', N'Nam', N'Đà Nẵng', 'duy.phan@email.com', '001345678901', N'Việt Nam'),
('KH0127', N'Lê Ngọc Bích', '0976342123', '1994/03/05', N'Nữ', N'TP. Hồ Chí Minh', 'bich.le@email.com', '001456789012', N'Việt Nam'),
('KH0128', N'Nguyễn Thành Hưng', '0901456789', '1991/08/01', N'Nam', N'TP. Hồ Chí Minh', 'hung.nguyen@email.com', '001567890123', N'Việt Nam'),
('KH0129', N'Phan Quang Thành', '0964321567', '1990/04/25', N'Nam', N'TP. Hồ Chí Minh', 'thanh.phan@email.com', '001678901234', N'Việt Nam'),
('KH0130', N'Lê Minh Anh', '0903214321', '1993/09/10', N'Nữ', N'Đà Nẵng', 'anh.le@email.com', '001789012345', N'Việt Nam'),
('KH0131', N'Nguyễn Thị Hải', '0932345678', '1994/12/10', N'Nữ', N'Hà Nội', 'hai.nguyen@email.com', '001890123456', N'Việt Nam'),
('KH0132', N'Phan Văn Cường', '0916789123', '1995/03/15', N'Nam', N'TP. Hồ Chí Minh', 'cuong.phan@email.com', '002345678901', N'Việt Nam'),
('KH0133', N'Lê Duy Bình', '0971234567', '1992/11/17', N'Nam', N'TP. Hồ Chí Minh', 'binh.le@email.com', '002456789012', N'Việt Nam'),
('KH0134', N'Nguyễn Thị Diệu', '0903456789', '1994/05/30', N'Nữ', N'Hà Nội', 'dieu.nguyen@email.com', '002567890123', N'Việt Nam'),
('KH0135', N'Phan Thanh Tâm', '0972112233', '1993/07/18', N'Nam', N'TP. Hồ Chí Minh', 'tam.phan@email.com', '002678901234', N'Việt Nam'),
('KH0136', N'Lê Hoàng Anh', '0935342123', '1991/02/02', N'Nam', N'Hà Nội', 'anh.le@email.com', '002789012345', N'Việt Nam'),
('KH0137', N'Nguyễn Thái Sơn', '0909123456', '1992/10/25', N'Nam', N'TP. Hồ Chí Minh', 'son.nguyen@email.com', '002890123456', N'Việt Nam'),
('KH0138', N'Phan Thị Hạnh', '0965732189', '1994/08/10', N'Nữ', N'Đà Nẵng', 'hanh.phan@email.com', '003456789012', N'Việt Nam'),
('KH0139', N'Lê Trọng Minh', '0936112233', '1995/06/18', N'Nam', N'TP. Hồ Chí Minh', 'minh.le@email.com', '003567890123', N'Việt Nam'),
('KH0140', N'Nguyễn Quang Hải', '0972123456', '1993/09/09', N'Nam', N'TP. Hồ Chí Minh', 'hai.nguyen@email.com', '003678901234', N'Việt Nam'),
('KH0141', N'Phan Trần Đình', '0919988776', '1992/01/10', N'Nam', N'Hà Nội', 'dinh.phan@email.com', '003789012345', N'Việt Nam'),
('KH0142', N'Lê Thanh Hải', '0975567890', '1991/12/25', N'Nam', N'TP. Hồ Chí Minh', 'hai.le@email.com', '003890123456', N'Việt Nam'),
('KH0143', N'Nguyễn Minh Tuấn', '0905325678', '1993/04/28', N'Nam', N'TP. Hồ Chí Minh', 'tuan.nguyen@email.com', '004567890123', N'Việt Nam'),
('KH0144', N'Phan Tùng Linh', '0962547890', '1992/08/18', N'Nam', N'Hà Nội', 'linh.phan@email.com', '004678901234', N'Việt Nam'),
('KH0145', N'Lê Thị Kim', '0932123456', '1994/10/10', N'Nữ', N'TP. Hồ Chí Minh', 'kim.le@email.com', '004789012345', N'Việt Nam'),
('KH0146', N'Nguyễn Đức Mạnh', '0914567890', '1995/03/22', N'Nam', N'Đà Nẵng', 'manh.nguyen@email.com', '004890123456', N'Việt Nam'),
('KH0147', N'Phan Quốc An', '0976543210', '1990/12/15', N'Nam', N'TP. Hồ Chí Minh', 'an.phan@email.com', '005678901234', N'Việt Nam'),
('KH0148', N'Lê Minh Quang', '0932654321', '1994/05/11', N'Nam', N'Đà Nẵng', 'quang.le@email.com', '005789012345', N'Việt Nam'),
('KH0149', N'Nguyễn Thị Hà', '0905678901', '1991/08/14', N'Nữ', N'TP. Hồ Chí Minh', 'ha.nguyen@email.com', '005890123456', N'Việt Nam'),
('KH0150', N'Phan Trọng Tiến', '0966543210', '1992/02/05', N'Nam', N'Hà Nội', 'tien.phan@email.com', '006567890123', N'Việt Nam'),
('KH0151', N'Lê Hoàng Minh', '0932112233', '1993/07/25', N'Nam', N'TP. Hồ Chí Minh', 'minh.le@email.com', '006678901234', N'Việt Nam'),
('KH0152', N'Nguyễn Thị Mai', '0909876543', '1991/09/10', N'Nữ', N'Hà Nội', 'mai.nguyen@email.com', '006789012345', N'Việt Nam'),
('KH0153', N'Phan Lý Thu', '0975342111', '1992/11/04', N'Nữ', N'Đà Nẵng', 'thu.phan@email.com', '007345678901', N'Việt Nam'),
('KH0154', N'Lê Minh Duy', '0934345678', '1990/06/18', N'Nam', N'TP. Hồ Chí Minh', 'duy.le@email.com', '007456789012', N'Việt Nam'),
('KH0155', N'Nguyễn Hồng Sơn', '0912345678', '1992/08/12', N'Nam', N'Đà Nẵng', 'son.nguyen@email.com', '007567890123', N'Việt Nam'),
('KH0156', N'Phan Minh Quang', '0976123456', '1993/04/20', N'Nam', N'TP. Hồ Chí Minh', 'quang.phan@email.com', '007678901234', N'Việt Nam'),
('KH0157', N'Lê Thị Lan', '0908765432', '1991/02/02', N'Nữ', N'Hà Nội', 'lan.le@email.com', '007789012345', N'Việt Nam'),
('KH0158', N'Nguyễn Thi Thanh', '0932123456', '1995/09/16', N'Nữ', N'TP. Hồ Chí Minh', 'thanh.nguyen@email.com', '007890123456', N'Việt Nam'),
('KH0159', N'Phan Thi Ngọc', '0976543210', '1994/05/28', N'Nữ', N'Hà Nội', 'ngoc.phan@email.com', '008567890123', N'Việt Nam'),
('KH0160', N'Lê Hoàng Lâm', '0936547890', '1990/10/02', N'Nam', N'TP. Hồ Chí Minh', 'lam.le@email.com', '008678901234', N'Việt Nam'),
('KH0161', N'Nguyễn Hoàng Minh', '0902345678', '1995/03/21', N'Nam', N'TP. Hồ Chí Minh', 'minh.nguyen@email.com', '008789012345', N'Việt Nam'),
('KH0162', N'Phan Minh Thi', '0973216548', '1992/04/13', N'Nữ', N'Hà Nội', 'thi.phan@email.com', '008890123456', N'Việt Nam'),
('KH0163', N'Lê Thanh Sơn', '0917456283', '1993/01/17', N'Nam', N'TP. Hồ Chí Minh', 'son.le@email.com', '009345678901', N'Việt Nam'),
('KH0164', N'Nguyễn Tấn Hải', '0965234789', '1990/07/21', N'Nam', N'TP. Hồ Chí Minh', 'hai.nguyen@email.com', '009456789012', N'Việt Nam'),
('KH0165', N'Phan Tân Cương', '0906543210', '1995/05/15', N'Nam', N'TP. Hồ Chí Minh', 'cuong.phan@email.com', '009567890123', N'Việt Nam'),
('KH0166', N'Lê Bảo Lâm', '0976123456', '1994/11/10', N'Nam', N'Hà Nội', 'lam.le@email.com', '009678901234', N'Việt Nam'),
('KH0167', N'Nguyễn Thi Mến', '0912345678', '1992/09/14', N'Nữ', N'Hà Nội', 'men.nguyen@email.com', '009789012345', N'Việt Nam'),
('KH0168', N'Phan Thi Bích', '0931345678', '1993/06/26', N'Nữ', N'TP. Hồ Chí Minh', 'bich.phan@email.com', '009890123456', N'Việt Nam'),
('KH0169', N'Lê Thi Bảo', '0976543210', '1990/05/20', N'Nữ', N'TP. Hồ Chí Minh', 'bao.le@email.com', '010123456789', N'Việt Nam'),
('KH0170', N'Nguyễn Tân Hoàng', '0909876543', '1994/08/05', N'Nam', N'Hà Nội', 'hoang.nguyen@email.com', '010234567890', N'Việt Nam'),
('KH0171', N'Phan Trường Long', '0912233445', '1993/10/25', N'Nam', N'TP. Hồ Chí Minh', 'long.phan@email.com', '010345678901', N'Việt Nam'),
('KH0172', N'Lê Tịnh Duy', '0978776543', '1992/02/18', N'Nam', N'Đà Nẵng', 'duy.le@email.com', '010456789012', N'Việt Nam'),
('KH0173', N'Nguyễn Tiến Hòa', '0906543210', '1994/04/12', N'Nam', N'Hà Nội', 'hoa.nguyen@email.com', '010567890123', N'Việt Nam'),
('KH0174', N'Phan Thị Thuý', '0914567890', '1995/11/22', N'Nữ', N'TP. Hồ Chí Minh', 'thuy.phan@email.com', '010678901234', N'Việt Nam'),
('KH0175', N'Lê Thi Mai', '0965321432', '1991/01/04', N'Nữ', N'TP. Hồ Chí Minh', 'mai.le@email.com', '010789012345', N'Việt Nam'),
('KH0176', N'Nguyễn Tử Tâm', '0913456789', '1994/09/23', N'Nam', N'Hà Nội', 'tam.nguyen@email.com', '010890123456', N'Việt Nam'),
('KH0177', N'Phan Tấn Hùng', '0909876543', '1992/12/11', N'Nam', N'Đà Nẵng', 'hung.phan@email.com', '011234567890', N'Việt Nam'),
('KH0178', N'Lê Duy Khánh', '0973217654', '1993/02/14', N'Nam', N'TP. Hồ Chí Minh', 'khanh.le@email.com', '011345678901', N'Việt Nam'),
('KH0179', N'Nguyễn Thi Quế', '0917654321', '1991/03/15', N'Nữ', N'TP. Hồ Chí Minh', 'que.nguyen@email.com', '011456789012', N'Việt Nam'),
('KH0180', N'Phan Thanh Lâm', '0965432123', '1994/07/08', N'Nam', N'TP. Hồ Chí Minh', 'lam.phan@email.com', '011567890123', N'Việt Nam'),
('KH0181', N'Phan Ngọc Thị', '0965432187', '1995/11/09', N'Nữ', N'Đà Nẵng', 'thi.phan@email.com', '012456789012', N'Việt Nam'),
('KH0182', N'Lê Tuấn Anh', '0907654321', '1994/02/13', N'Nam', N'TP. Hồ Chí Minh', 'anh.le@email.com', '012567890123', N'Việt Nam'),
('KH0183', N'Nguyễn Đức Mạnh', '0972345678', '1991/09/28', N'Nam', N'Hà Nội', 'manh.nguyen@email.com', '012678901234', N'Việt Nam'),
('KH0184', N'Phan Xuân Thanh', '0967876543', '1994/03/10', N'Nam', N'TP. Hồ Chí Minh', 'thanh.phan@email.com', '012789012345', N'Việt Nam'),
('KH0185', N'Lê Minh Hieu', '0903217654', '1993/07/18', N'Nam', N'TP. Hồ Chí Minh', 'hieu.le@email.com', '012890123456', N'Việt Nam'),
('KH0186', N'Nguyễn Hoàng Long', '0912123456', '1992/01/25', N'Nam', N'Hà Nội', 'long.nguyen@email.com', '013012345678', N'Việt Nam'),
('KH0187', N'Phan Trúc Lan', '0976745123', '1994/11/12', N'Nữ', N'TP. Hồ Chí Minh', 'lan.phan@email.com', '013123456789', N'Việt Nam'),
('KH0188', N'Lê Thị Thu Hà', '0903217654', '1991/05/05', N'Nữ', N'Hà Nội', 'ha.le@email.com', '013234567890', N'Việt Nam'),
('KH0189', N'Nguyễn Quỳnh Trang', '0912134567', '1995/07/11', N'Nữ', N'TP. Hồ Chí Minh', 'trang.nguyen@email.com', '013345678901', N'Việt Nam'),
('KH0190', N'Phan Trí Thi', '0971326547', '1992/03/15', N'Nữ', N'TP. Hồ Chí Minh', 'thi.phan@email.com', '013456789012', N'Việt Nam'),
('KH0191', N'Lê Minh Thành', '0907876543', '1991/06/17', N'Nam', N'Đà Nẵng', 'thanh.le@email.com', '013567890123', N'Việt Nam'),
('KH0192', N'Nguyễn Thị Thuận', '0967674321', '1993/04/19', N'Nữ', N'TP. Hồ Chí Minh', 'thuan.nguyen@email.com', '013678901234', N'Việt Nam'),
('KH0193', N'Phan Minh Duy', '0972123456', '1995/01/30', N'Nam', N'Hà Nội', 'duy.phan@email.com', '013789012345', N'Việt Nam'),
('KH0194', N'Lê Thanh Hải', '0905674321', '1994/09/03', N'Nam', N'TP. Hồ Chí Minh', 'hai.le@email.com', '013890123456', N'Việt Nam'),
('KH0195', N'Nguyễn Đình Phú', '0911234567', '1990/12/20', N'Nam', N'Hà Nội', 'phu.nguyen@email.com', '014123456789', N'Việt Nam'),
('KH0196', N'Phan Thị Mai', '0968456712', '1992/02/13', N'Nữ', N'TP. Hồ Chí Minh', 'mai.phan@email.com', '014234567890', N'Việt Nam'),
('KH0197', N'Lê Tâm Lan', '0909876543', '1991/06/25', N'Nữ', N'Hà Nội', 'lan.le@email.com', '014345678901', N'Việt Nam'),
('KH0198', N'Nguyễn Quỳnh Anh', '0912135467', '1993/10/14', N'Nữ', N'TP. Hồ Chí Minh', 'anh.nguyen@email.com', '014456789012', N'Việt Nam'),
('KH0199', N'Phan Quốc Bình', '0973234567', '1992/12/06', N'Nam', N'Hà Nội', 'binh.phan@email.com', '014567890123', N'Việt Nam'),
('KH0200', N'Lê Hồng Sơn', '0908765432', '1994/03/29', N'Nam', N'TP. Hồ Chí Minh', 'son.le@email.com', '014678901234', N'Việt Nam');
go 



--insert dữ liệu cho chức vụ và nhân sự
-- Insert danh sách chức vụ
INSERT INTO ChucVu (MaChucVu, TenChucVu) VALUES
('CV001', 'Giám đốc'),
('CV002', 'Phó giám đốc'),
('CV003', 'Trưởng phòng Kinh doanh'),
('CV004', 'Trưởng phòng Nhân sự'),
('CV005', 'Trưởng phòng Kế toán'),
('CV006', 'Nhân viên Kinh doanh'),
('CV007', 'Nhân viên Nhân sự'),
('CV008', 'Nhân viên Kế toán'),
('CV009', 'Trưởng nhóm IT'),
('CV010', 'Lập trình viên'),
('CV011', 'Nhân viên Marketing'),
('CV012', 'Trưởng phòng Marketing'),
('CV013', 'Nhân viên Hành chính'),
('CV014', 'Nhân viên Thiết kế'),
('CV015', 'Trưởng phòng Thiết kế'),
('CV016', 'Chuyên viên Pháp lý'),
('CV017', 'Trưởng phòng Pháp lý'),
('CV018', 'Nhân viên Bảo vệ'),
('CV019', 'Quản lý dự án'),
('CV020', 'Nhân viên Dự án'),
('CV021', 'Trợ lý Giám đốc'),
('CV022', 'Nhân viên Tư vấn'),
('CV023', 'Nhân viên Chăm sóc khách hàng'),
('CV024', 'Nhân viên Kho vận'),
('CV025', 'Trưởng kho'),
('CV026', 'Kế toán trưởng'),
('CV027', 'Nhân viên Xuất nhập khẩu'),
('CV028', 'Nhân viên Bán hàng'),
('CV029', 'Nhân viên IT Support'),
('CV030', 'Nhân viên QA/QC'),
('CV031', 'Chuyên viên Data Analyst'),
('CV032', 'Chuyên viên AI/ML'),
('CV033', 'Chuyên viên Big Data'),
('CV034', 'Nhân viên Truyền thông'),
('CV035', 'Trưởng phòng Truyền thông'),
('CV036', 'Nhân viên Chạy quảng cáo'),
('CV037', 'Nhân viên SEO'),
('CV038', 'Nhân viên Nội dung'),
('CV039', 'Nhân viên Video Editor'),
('CV040', 'Chuyên viên Nhân sự cấp cao'),
('CV041', 'Nhân viên Đào tạo'),
('CV042', 'Trưởng nhóm Kinh doanh'),
('CV043', 'Nhân viên Phát triển sản phẩm'),
('CV044', 'Trưởng phòng Phát triển sản phẩm'),
('CV045', 'Chuyên viên Chiến lược'),
('CV046', 'Nhân viên R&D'),
('CV047', 'Trưởng phòng R&D'),
('CV048', 'Chuyên viên Logistics'),
('CV049', 'Trưởng phòng Logistics'),
('CV050', 'Giám sát sản xuất');
go

--nhân sự
INSERT INTO NhanSu (MaNhanSu, HoTen, NgaySinh, SDT, CCCD, Email, DiaChi, MaChucVu, NgayVaoLam, Luong) VALUES
('NS001', 'Nguyen Dinh Duy', '1986-05-28', '0980823627', '568670310045', 'nguyendinhduy875@gmail.com', 'Hue', 'CV017', '2015-12-07', 32343309.00),
('NS002', 'Pham Hong Linh', '1995-09-02', '0946424460', '801109457565', 'phamhonglinh706@gmail.com', 'Bac Ninh', 'CV010', '2023-07-27', 23346924.00),
('NS003', 'Ta Tu Quynh', '1998-01-04', '0982780776', '487358485302', 'tatuquynh429@gmail.com', 'Vung Tau', 'CV026', '2019-01-27', 27866506.00),
('NS004', 'Do Minh Linh', '1989-01-24', '0916865320', '299238546140', 'dominhlinh409@gmail.com', 'Hai Duong', 'CV044', '2022-05-05', 13002153.00),
('NS005', 'Vu Quoc Binh', '1988-02-21', '0976060018', '502967505617', 'vuquocbinh204@gmail.com', 'Can Tho', 'CV008', '2019-09-01', 30618140.00),
('NS006', 'Ta Quoc Linh', '1991-03-17', '0916241653', '954216425699', 'taquoclinh7@gmail.com', 'Thanh Hoa', 'CV049', '2024-12-26', 28969913.00),
('NS007', 'Pham Dinh Khoa', '1999-10-24', '0943716427', '933912704086', 'phamdinhkhoa937@gmail.com', 'Bac Ninh', 'CV018', '2017-09-28', 18967806.00),
('NS008', 'Ho Minh Khoa', '1988-11-21', '0978122999', '768426069431', 'hominhkhoa746@gmail.com', 'TP Ho Chi Minh', 'CV027', '2011-07-26', 21731462.00),
('NS009', 'Pham Tan Ha', '1999-09-18', '0926666558', '434998389379', 'phamtanha590@gmail.com', 'Bac Ninh', 'CV023', '2019-09-23', 24145095.00),
('NS010', 'Tran Tan Khoa', '1988-05-22', '0951531576', '477819268711', 'trantankhoa873@gmail.com', 'Hai Phong', 'CV002', '2018-12-20', 31292561.00),
('NS011', 'Dang Dinh Giang', '1986-05-21', '0954177853', '593100215742', 'dangdinhgiang394@gmail.com', 'Hai Duong', 'CV020', '2019-01-17', 24910418.00),
('NS012', 'Dang Minh Duy', '1985-07-01', '0993674096', '930937951918', 'dangminhduy600@gmail.com', 'Ha Noi', 'CV042', '2019-03-21', 22672007.00),
('NS013', 'Le Dinh Phong', '1987-05-13', '0917048184', '137877615950', 'ledinhphong685@gmail.com', 'Bac Ninh', 'CV033', '2019-02-20', 25766510.00),
('NS014', 'Vu Thi Binh', '2000-08-10', '0923066888', '157450163915', 'vuthibinh429@gmail.com', 'Vung Tau', 'CV020', '2024-08-07', 28813350.00),
('NS015', 'Ho Hong Duy', '1998-08-07', '0975240980', '198364102849', 'hohongduy807@gmail.com', 'Hai Duong', 'CV046', '2014-12-04', 27503032.00),
('NS016', 'Le Minh Duy', '1999-07-28', '0937414763', '421630694467', 'leminhduy686@gmail.com', 'Da Nang', 'CV048', '2023-08-09', 20153549.00),
('NS017', 'Nguyen Hai Giang', '1993-04-01', '0968534081', '289552815666', 'nguyenhaigiang783@gmail.com', 'Hai Phong', 'CV049', '2012-07-03', 12405727.00),
('NS018', 'Ho Quoc Duy', '1992-09-15', '0913584666', '832023859248', 'hoquocduy899@gmail.com', 'Hai Duong', 'CV004', '2021-05-01', 28235707.00),
('NS019', 'Le Quoc Binh', '1986-09-04', '0923317135', '977717521106', 'lequocbinh871@gmail.com', 'Thanh Hoa', 'CV027', '2017-12-22', 13387134.00),
('NS020', 'Tran Quoc Khoa', '1992-05-03', '0998098385', '476108310115', 'tranquockhoa63@gmail.com', 'TP Ho Chi Minh', 'CV031', '2017-02-05', 32782183.00),
('NS021', 'Bui Tan Phong', '1985-11-21', '0993717252', '479536485884', 'buitanphong288@gmail.com', 'Bac Ninh', 'CV050', '2011-10-04', 16524403.00),
('NS022', 'Nguyen Hong Phong', '1994-03-15', '0977799593', '166148964372', 'nguyenhongphong148@gmail.com', 'Can Tho', 'CV019', '2022-12-27', 23953526.00),
('NS023', 'Ta Tu Linh', '1996-05-12', '0988772699', '688863553471', 'tatulinh866@gmail.com', 'Can Tho', 'CV022', '2017-03-03', 21386590.00),
('NS024', 'Do Tan Duy', '1987-05-09', '0934730100', '157883872269', 'dotanduy511@gmail.com', 'Hai Phong', 'CV010', '2012-03-12', 28145622.00),
('NS025', 'Tran Tu Giang', '1991-09-19', '0990701480', '356054839630', 'trantugiang432@gmail.com', 'Hai Phong', 'CV022', '2023-09-25', 23502656.00),
('NS026', 'Ho Tan Phong', '1986-04-01', '0950480064', '865717943476', 'hotanphong838@gmail.com', 'Vung Tau', 'CV006', '2022-08-23', 19319941.00),
('NS027', 'Ta Van Khoa', '1997-01-10', '0979239068', '973540704318', 'tavankhoa286@gmail.com', 'Bac Ninh', 'CV009', '2023-06-15', 26361602.00),
('NS028', 'Nguyen Tu Khoa', '2000-04-22', '0996312617', '777081124764', 'nguyentukhoa37@gmail.com', 'Bac Ninh', 'CV024', '2011-04-08', 28302348.00),
('NS029', 'Vu Dinh Linh', '1985-08-26', '0934998024', '240515327786', 'vudinhlinh189@gmail.com', 'Can Tho', 'CV049', '2010-11-08', 27958308.00),
('NS030', 'Ho Hong Duy', '1991-09-21', '0940197763', '532959957473', 'hohongduy533@gmail.com', 'Hue', 'CV007', '2018-06-21', 21302925.00),
('NS031', 'Tran Van Duy', '1995-08-06', '0963654137', '324427730521', 'tranvanduy670@gmail.com', 'Can Tho', 'CV036', '2021-06-16', 13167555.00),
('NS032', 'Nguyen Tan Khoa', '1985-06-08', '0926015362', '489410888205', 'nguyentankhoa885@gmail.com', 'Hue', 'CV050', '2016-02-17', 27128929.00),
('NS033', 'Le Tan Khoa', '1990-05-13', '0983381727', '291772643267', 'letankhoa687@gmail.com', 'Ha Noi', 'CV010', '2010-12-12', 18966339.00),
('NS034', 'Vu Tu Ha', '2000-09-05', '0954658465', '863086465746', 'vutuha556@gmail.com', 'Hai Phong', 'CV012', '2013-10-24', 22508046.00),
('NS035', 'Pham Hoang Duy', '2000-10-08', '0963298688', '633601270455', 'phamhoangduy354@gmail.com', 'Vung Tau', 'CV026', '2010-05-18', 15819220.00),
('NS036', 'Ho Thi Linh', '1985-10-06', '0967009337', '542090399151', 'hothilinh284@gmail.com', 'Can Tho', 'CV050', '2021-08-13', 18392732.00),
('NS037', 'Dang Tan Duy', '1990-02-03', '0945798896', '498387187406', 'dangtanduy680@gmail.com', 'Hai Duong', 'CV041', '2022-10-15', 17523102.00),
('NS038', 'Le Dinh Khoa', '1999-08-02', '0952491282', '159268061775', 'ledinhkhoa463@gmail.com', 'Hue', 'CV025', '2013-08-23', 20920850.00),
('NS039', 'Ta Quoc Binh', '1989-09-26', '0965298060', '709217918352', 'taquocbinh330@gmail.com', 'Hai Duong', 'CV046', '2024-12-01', 20752725.00),
('NS040', 'Bui Van Giang', '1996-04-25', '0995301964', '729608119462', 'buivangiang359@gmail.com', 'TP Ho Chi Minh', 'CV009', '2023-08-13', 21723940.00),
('NS041', 'Ho Thi Phong', '1985-01-22', '0964903423', '316516064338', 'hothiphong213@gmail.com', 'Hai Duong', 'CV010', '2014-03-02', 16626581.00),
('NS042', 'Ho Tu Khoa', '1998-10-08', '0918920516', '959242755064', 'hotukhoa956@gmail.com', 'Vung Tau', 'CV011', '2013-04-21', 15161231.00),
('NS043', 'Bui Thi Chau', '1989-07-19', '0990839564', '120205514910', 'buithichau674@gmail.com', 'Hue', 'CV011', '2024-03-22', 21381614.00),
('NS044', 'Ho Hoang Khoa', '1993-04-16', '0932627618', '828978450924', 'hohoangkhoa789@gmail.com', 'Hai Duong', 'CV030', '2019-05-28', 15344117.00),
('NS045', 'Ta Minh Phong', '1999-03-19', '0962278813', '945114485526', 'taminhphong594@gmail.com', 'Hai Phong', 'CV015', '2013-05-22', 17149981.00),
('NS046', 'Vu Minh Giang', '1995-11-07', '0973745506', '228767861466', 'vuminhgiang308@gmail.com', 'Thanh Hoa', 'CV041', '2015-01-16', 14431254.00),
('NS047', 'Tran Thi An', '1996-01-09', '0986104371', '253007940074', 'tranthian292@gmail.com', 'Da Nang', 'CV049', '2012-08-12', 20884502.00),
('NS048', 'Pham Hoang Phong', '1995-10-19', '0957031617', '100061406470', 'phamhoangphong624@gmail.com', 'Ha Noi', 'CV015', '2013-11-16', 12095398.00),
('NS049', 'Le Quoc An', '1986-12-22', '0914160220', '919869288460', 'lequocan37@gmail.com', 'Hai Phong', 'CV014', '2024-11-21', 20988805.00),
('NS050', 'Nguyen Quoc Chau', '2000-02-10', '0971675678', '313220398349', 'nguyenquocchau418@gmail.com', 'Ha Noi', 'CV038', '2019-09-24', 28520800.00),
('NS051', 'Ta Hoang Chau', '1996-03-07', '0956118563', '501731901318', 'tahoangchau969@gmail.com', 'Hue', 'CV029', '2018-01-04', 17508303.00),
('NS052', 'Le Hoang Giang', '1985-03-21', '0953678117', '157119063332', 'lehoanggiang668@gmail.com', 'Vung Tau', 'CV047', '2010-11-03', 20193911.00),
('NS053', 'Bui Hai An', '1997-02-21', '0956719765', '967057246436', 'buihaian799@gmail.com', 'Vung Tau', 'CV026', '2014-02-11', 13573510.00),
('NS054', 'Vu Tu Duy', '1991-03-06', '0924549634', '180182694795', 'vutuduy319@gmail.com', 'Hai Phong', 'CV030', '2013-09-23', 13781850.00),
('NS055', 'Tran Tu Duy', '1998-05-10', '0971236794', '749753719941', 'trantuduy869@gmail.com', 'Can Tho', 'CV028', '2010-08-07', 23763830.00),
('NS056', 'Tran Quoc Giang', '1996-11-24', '0941726147', '537113924149', 'tranquocgiang577@gmail.com', 'Hai Phong', 'CV019', '2014-09-26', 15887057.00),
('NS057', 'Pham Tu Phong', '1993-01-04', '0953640896', '116587359382', 'phamtuphong135@gmail.com', 'Hai Duong', 'CV048', '2011-10-18', 18281389.00),
('NS058', 'Do Van Khoa', '1995-02-24', '0982020526', '855713515166', 'dovankhoa862@gmail.com', 'Hai Phong', 'CV036', '2018-08-20', 21001927.00),
('NS059', 'Pham Minh Ha', '1996-03-11', '0963634542', '611608271178', 'phamminhha380@gmail.com', 'Can Tho', 'CV010', '2018-08-03', 28275746.00),
('NS060', 'Do Hong Giang', '2000-10-23', '0922874249', '373646980348', 'dohonggiang658@gmail.com', 'Ha Noi', 'CV035', '2020-09-01', 33303099.00),
('NS061', 'Ho Dinh Khoa', '1993-08-07', '0981048440', '605663163780', 'hodinhkhoa178@gmail.com', 'Can Tho', 'CV025', '2013-03-14', 32822506.00),
('NS062', 'Pham Tan Khoa', '1992-08-04', '0982568143', '119366067358', 'phamtankhoa673@gmail.com', 'TP Ho Chi Minh', 'CV009', '2022-01-12', 18158354.00),
('NS063', 'Do Minh An', '1989-11-23', '0933664715', '604313041876', 'dominhan30@gmail.com', 'Can Tho', 'CV039', '2012-04-10', 29363665.00),
('NS064', 'Ho Tu Linh', '1985-05-20', '0952253738', '413384762725', 'hotulinh928@gmail.com', 'Vung Tau', 'CV027', '2013-01-02', 23141567.00),
('NS065', 'Ho Dinh Giang', '1988-04-24', '0981053086', '425062894457', 'hodinhgiang332@gmail.com', 'Hai Duong', 'CV019', '2020-08-19', 16444986.00),
('NS066', 'Do Hong Chau', '1990-08-23', '0990350457', '126124023324', 'dohongchau402@gmail.com', 'Hue', 'CV039', '2018-08-12', 32468602.00),
('NS067', 'Le Minh Duy', '1999-09-20', '0914899453', '524508546495', 'leminhduy155@gmail.com', 'Da Nang', 'CV021', '2024-10-26', 22083073.00),
('NS068', 'Vu Hai An', '1988-02-07', '0971250918', '107816830592', 'vuhaian375@gmail.com', 'Bac Ninh', 'CV049', '2017-01-27', 27972058.00),
('NS069', 'Vu Thi An', '1998-06-22', '0991640673', '452633031373', 'vuthian440@gmail.com', 'TP Ho Chi Minh', 'CV039', '2015-09-04', 27639482.00),
('NS070', 'Ho Tu An', '1987-06-11', '0993591522', '858821908756', 'hotuan324@gmail.com', 'Hue', 'CV022', '2021-12-05', 19730435.00),
('NS071', 'Do Quoc Quynh', '1996-07-01', '0926176953', '477310587736', 'doquocquynh390@gmail.com', 'Bac Ninh', 'CV049', '2017-12-23', 32489126.00),
('NS072', 'Nguyen Thi Binh', '1997-04-19', '0914495719', '971252887387', 'nguyenthibinh234@gmail.com', 'Can Tho', 'CV034', '2015-05-01', 34769753.00),
('NS073', 'Dang Hoang Quynh', '1994-10-16', '0972575699', '739976245555', 'danghoangquynh571@gmail.com', 'TP Ho Chi Minh', 'CV045', '2016-08-08', 31806935.00),
('NS074', 'Pham Tan Binh', '1995-11-14', '0927056180', '148049679482', 'phamtanbinh857@gmail.com', 'Hai Duong', 'CV044', '2011-06-20', 25855570.00),
('NS075', 'Ho Hoang Linh', '1992-12-21', '0977703999', '904313706911', 'hohoanglinh93@gmail.com', 'Hai Duong', 'CV001', '2024-11-13', 29096843.00),
('NS076', 'Do Van An', '1993-03-11', '0978552119', '672034336303', 'dovanan447@gmail.com', 'Ha Noi', 'CV037', '2024-09-15', 29444985.00),
('NS077', 'Le Minh Quynh', '2000-11-26', '0990958290', '954063681844', 'leminhquynh540@gmail.com', 'Vung Tau', 'CV027', '2010-10-28', 19849208.00),
('NS078', 'Pham Van Khoa', '1998-07-13', '0915585702', '208107938538', 'phamvankhoa143@gmail.com', 'Can Tho', 'CV024', '2011-02-18', 27497364.00),
('NS079', 'Ho Hoang Duy', '1993-07-01', '0916116663', '746916221266', 'hohoangduy591@gmail.com', 'TP Ho Chi Minh', 'CV033', '2020-07-14', 23777589.00),
('NS080', 'Bui Hoang Khoa', '1993-08-06', '0992958555', '705857361415', 'buihoangkhoa892@gmail.com', 'Da Nang', 'CV023', '2024-12-20', 30890935.00),
('NS081', 'Do Dinh Duy', '1999-12-24', '0967704881', '863743134064', 'dodinhduy609@gmail.com', 'Hai Duong', 'CV049', '2022-08-26', 18902183.00),
('NS082', 'Bui Tan Linh', '1998-02-09', '0960404212', '539144516159', 'buitanlinh818@gmail.com', 'Hai Duong', 'CV048', '2015-05-03', 24450030.00),
('NS083', 'Le Tu Linh', '1994-08-06', '0973942924', '309905524006', 'letulinh859@gmail.com', 'Thanh Hoa', 'CV006', '2019-06-17', 24367529.00),
('NS084', 'Tran Hong Giang', '1998-02-26', '0994062267', '826888564156', 'tranhonggiang612@gmail.com', 'Bac Ninh', 'CV024', '2013-04-06', 14522505.00),
('NS085', 'Vu Thi Quynh', '1985-10-23', '0979422281', '610663762341', 'vuthiquynh947@gmail.com', 'Hai Phong', 'CV035', '2016-06-06', 34771091.00),
('NS086', 'Le Hong Giang', '1985-02-09', '0951663141', '312747140014', 'lehonggiang388@gmail.com', 'Ha Noi', 'CV050', '2024-09-21', 14039048.00),
('NS087', 'Dang Dinh Binh', '1998-09-19', '0910051427', '633611015881', 'dangdinhbinh447@gmail.com', 'Can Tho', 'CV012', '2015-03-16', 19561081.00),
('NS088', 'Ho Hong An', '1991-05-28', '0930845877', '464698084275', 'hohongan639@gmail.com', 'Bac Ninh', 'CV034', '2016-12-23', 29729494.00),
('NS089', 'Dang Hoang Phong', '1994-06-25', '0988165778', '928428752364', 'danghoangphong378@gmail.com', 'Ha Noi', 'CV029', '2012-09-09', 15388329.00),
('NS090', 'Ho Hoang Binh', '1999-09-24', '0910295507', '318776484064', 'hohoangbinh622@gmail.com', 'Da Nang', 'CV034', '2010-12-02', 25323276.00),
('NS091', 'Ho Tan Binh', '1995-06-13', '0971586816', '410490438425', 'hotanbinh603@gmail.com', 'Thanh Hoa', 'CV044', '2010-10-01', 23033636.00),
('NS092', 'Tran Hong Quynh', '1989-02-05', '0961906680', '280702662956', 'tranhongquynh114@gmail.com', 'Hai Phong', 'CV014', '2020-10-12', 21228452.00),
('NS093', 'Pham Hong Phong', '1998-10-28', '0977559802', '648890994145', 'phamhongphong53@gmail.com', 'Hai Duong', 'CV006', '2019-03-21', 34281549.00),
('NS094', 'Ho Thi Ha', '1988-09-27', '0965342407', '123409605358', 'hothiha409@gmail.com', 'Hai Duong', 'CV031', '2014-03-10', 26930439.00),
('NS095', 'Le Tan Giang', '1999-05-05', '0994848571', '378375160541', 'letangiang262@gmail.com', 'TP Ho Chi Minh', 'CV028', '2024-10-01', 22167795.00),
('NS096', 'Tran Van Linh', '1991-05-17', '0962294325', '582986390204', 'tranvanlinh869@gmail.com', 'Can Tho', 'CV042', '2014-09-23', 20739956.00),
('NS097', 'Nguyen Thi An', '1998-09-22', '0979905688', '992929628772', 'nguyenthian579@gmail.com', 'Can Tho', 'CV014', '2010-04-11', 16153793.00),
('NS098', 'Do Hoang Giang', '1990-12-28', '0920690307', '367630428975', 'dohoanggiang143@gmail.com', 'Can Tho', 'CV048', '2023-05-11', 13035501.00),
('NS099', 'Tran Thi Phong', '1998-07-28', '0999638165', '645510297279', 'tranthiphong48@gmail.com', 'Hai Phong', 'CV035', '2018-04-24', 18798876.00),
('NS100', 'Bui Hoang Phong', '1991-09-28', '0935588258', '234335135811', 'buihoangphong716@gmail.com', 'TP Ho Chi Minh', 'CV006', '2020-03-26', 17892238.00),
('NS101', 'Ho Minh Quynh', '1989-05-19', '0975349881', '461453046978', 'hominhquynh100@gmail.com', 'TP Ho Chi Minh', 'CV009', '2010-10-28', 20451150.00),
('NS102', 'Nguyen Minh Linh', '1990-12-16', '0946586715', '234617583440', 'nguyenminhlinh768@gmail.com', 'Vung Tau', 'CV048', '2021-06-20', 33442768.00),
('NS103', 'Nguyen Tan Khoa', '1987-09-22', '0967069651', '644474319850', 'nguyentankhoa956@gmail.com', 'Da Nang', 'CV012', '2018-03-14', 13161047.00),
('NS104', 'Tran Hai Khoa', '1996-11-08', '0914178582', '652008185867', 'tranhaikhoa375@gmail.com', 'TP Ho Chi Minh', 'CV050', '2011-09-17', 13462393.00),
('NS105', 'Ta Minh Ha', '1987-09-26', '0974609724', '915172966126', 'taminhha583@gmail.com', 'Ha Noi', 'CV016', '2021-11-19', 26977764.00),
('NS106', 'Dang Quoc Binh', '1993-07-07', '0989445022', '366390706553', 'dangquocbinh59@gmail.com', 'Ha Noi', 'CV024', '2024-07-04', 31827101.00),
('NS107', 'Le Quoc Khoa', '1985-11-20', '0981847854', '840204382194', 'lequockhoa39@gmail.com', 'Thanh Hoa', 'CV025', '2018-04-14', 22919647.00),
('NS108', 'Nguyen Tan Quynh', '1985-10-24', '0958721664', '315446743291', 'nguyentanquynh591@gmail.com', 'Vung Tau', 'CV050', '2013-08-17', 26617285.00),
('NS109', 'Nguyen Quoc Binh', '1999-09-10', '0915203833', '719586459546', 'nguyenquocbinh904@gmail.com', 'Hue', 'CV021', '2022-04-21', 31628948.00),
('NS110', 'Ho Tu An', '1996-11-12', '0923138097', '931231309946', 'hotuan454@gmail.com', 'Bac Ninh', 'CV004', '2020-01-21', 26155277.00),
('NS111', 'Bui Hoang Quynh', '1986-06-01', '0921148843', '327952896379', 'buihoangquynh215@gmail.com', 'Ha Noi', 'CV012', '2024-07-05', 21773334.00),
('NS112', 'Ta Minh Duy', '1985-01-10', '0937165188', '384900901244', 'taminhduy619@gmail.com', 'Thanh Hoa', 'CV025', '2014-10-15', 21039593.00),
('NS113', 'Dang Minh Ha', '1998-08-17', '0962527017', '904365752187', 'dangminhha233@gmail.com', 'Vung Tau', 'CV049', '2013-05-02', 30209803.00),
('NS114', 'Pham Hong Chau', '2000-07-28', '0943992454', '432258880274', 'phamhongchau980@gmail.com', 'Hai Duong', 'CV015', '2019-07-21', 34127850.00),
('NS115', 'Pham Dinh Duy', '1993-09-09', '0997521476', '722916869895', 'phamdinhduy445@gmail.com', 'Vung Tau', 'CV008', '2018-09-06', 17484732.00),
('NS116', 'Dang Hong Chau', '1998-02-13', '0968936471', '866740266158', 'danghongchau516@gmail.com', 'Hai Phong', 'CV015', '2013-11-04', 15816876.00),
('NS117', 'Bui Quoc An', '1985-11-25', '0998239975', '343995115071', 'buiquocan95@gmail.com', 'Hue', 'CV028', '2022-01-18', 21531513.00),
('NS118', 'Do Hai Giang', '1993-05-16', '0925660728', '888741798143', 'dohaigiang118@gmail.com', 'Hue', 'CV038', '2022-04-25', 25544801.00),
('NS119', 'Le Hong Khoa', '1986-05-18', '0919038076', '115569429024', 'lehongkhoa417@gmail.com', 'Hai Duong', 'CV049', '2021-02-06', 19859278.00),
('NS120', 'Vu Hong Binh', '1996-07-12', '0976765338', '230079399885', 'vuhongbinh921@gmail.com', 'Hai Phong', 'CV044', '2011-04-24', 16121356.00),
('NS121', 'Le Thi Ha', '1993-02-06', '0927628679', '879781402293', 'lethiha620@gmail.com', 'Da Nang', 'CV043', '2021-07-16', 33555290.00),
('NS122', 'Bui Van Duy', '1995-12-18', '0933737897', '571580044262', 'buivanduy164@gmail.com', 'Bac Ninh', 'CV027', '2013-11-12', 25000306.00),
('NS123', 'Le Tu Quynh', '1995-09-08', '0982539295', '605154331840', 'letuquynh769@gmail.com', 'Hue', 'CV010', '2018-09-08', 31816698.00),
('NS124', 'Ta Quoc Khoa', '1993-12-24', '0930822167', '627294867919', 'taquockhoa703@gmail.com', 'Hai Phong', 'CV050', '2023-03-20', 32017839.00),
('NS125', 'Do Van Duy', '1987-11-22', '0976085575', '510066234709', 'dovanduy124@gmail.com', 'Can Tho', 'CV018', '2015-09-03', 14945253.00),
('NS126', 'Nguyen Tu Duy', '1999-06-20', '0934859851', '982874465444', 'nguyentuduy820@gmail.com', 'Da Nang', 'CV011', '2014-07-20', 18684964.00),
('NS127', 'Dang Minh Giang', '1998-09-20', '0962780974', '622041261935', 'dangminhgiang665@gmail.com', 'Hue', 'CV032', '2023-03-10', 14238731.00),
('NS128', 'Tran Hai Linh', '1987-07-19', '0923213708', '447441555981', 'tranhailinh625@gmail.com', 'Hai Duong', 'CV024', '2010-09-06', 30091307.00),
('NS129', 'Ta Van Ha', '1990-12-25', '0972051949', '334965824573', 'tavanha276@gmail.com', 'Ha Noi', 'CV004', '2016-04-11', 19003831.00),
('NS130', 'Le Tan Linh', '1986-05-11', '0963038972', '504914432495', 'letanlinh908@gmail.com', 'Hue', 'CV025', '2022-03-06', 14874862.00),
('NS131', 'Nguyen Van Khoa', '1985-01-08', '0961228846', '165979836282', 'nguyenvankhoa989@gmail.com', 'Bac Ninh', 'CV027', '2018-12-22', 16692184.00),
('NS132', 'Pham Hong Binh', '1986-05-25', '0974315448', '676664279733', 'phamhongbinh933@gmail.com', 'Hue', 'CV031', '2022-02-16', 24920239.00),
('NS133', 'Pham Minh An', '1995-07-11', '0942891590', '156614374635', 'phamminhan313@gmail.com', 'Vung Tau', 'CV031', '2021-06-19', 34234526.00),
('NS134', 'Ho Dinh Phong', '1992-04-26', '0968222293', '650679856480', 'hodinhphong540@gmail.com', 'Hai Phong', 'CV044', '2016-06-21', 23319533.00),
('NS135', 'Tran Tan Binh', '1996-04-13', '0990991435', '323944566261', 'trantanbinh587@gmail.com', 'Thanh Hoa', 'CV023', '2017-07-24', 19488892.00),
('NS136', 'Le Thi Ha', '1987-10-10', '0985843024', '367480615406', 'lethiha533@gmail.com', 'Da Nang', 'CV026', '2012-09-21', 23366614.00),
('NS137', 'Ho Hong Quynh', '1985-12-15', '0987346417', '868888617869', 'hohongquynh931@gmail.com', 'TP Ho Chi Minh', 'CV022', '2019-05-28', 22421979.00),
('NS138', 'Nguyen Hong Ha', '1985-01-12', '0967217761', '589759904560', 'nguyenhongha823@gmail.com', 'Bac Ninh', 'CV021', '2016-03-27', 27500285.00),
('NS139', 'Nguyen Van Linh', '1997-02-01', '0928727792', '357180158807', 'nguyenvanlinh768@gmail.com', 'Hai Phong', 'CV029', '2018-07-05', 27602260.00),
('NS140', 'Pham Hai Phong', '1993-08-14', '0999187499', '375226117189', 'phamhaiphong791@gmail.com', 'TP Ho Chi Minh', 'CV047', '2017-12-27', 25021716.00),
('NS141', 'Vu Hong Ha', '1986-05-26', '0931095859', '464542536043', 'vuhongha55@gmail.com', 'TP Ho Chi Minh', 'CV037', '2013-12-23', 14334751.00),
('NS142', 'Do Quoc Giang', '1996-10-18', '0996605228', '786000510106', 'doquocgiang456@gmail.com', 'Da Nang', 'CV035', '2017-08-23', 33296082.00),
('NS143', 'Ta Tan Giang', '1999-12-02', '0955000070', '853426677828', 'tatangiang436@gmail.com', 'Can Tho', 'CV018', '2012-05-18', 26055053.00),
('NS144', 'Ho Tu Binh', '1998-06-28', '0921615630', '511924032178', 'hotubinh914@gmail.com', 'Ha Noi', 'CV038', '2021-03-02', 27475537.00),
('NS145', 'Nguyen Dinh An', '1989-07-06', '0947920785', '694886218190', 'nguyendinhan326@gmail.com', 'Vung Tau', 'CV005', '2023-11-05', 15731255.00),
('NS146', 'Nguyen Dinh Khoa', '1998-07-03', '0995626171', '212401813071', 'nguyendinhkhoa421@gmail.com', 'Hue', 'CV002', '2018-09-13', 32373326.00),
('NS147', 'Ta Hoang An', '1993-10-14', '0945721474', '317401653116', 'tahoangan332@gmail.com', 'Vung Tau', 'CV021', '2022-10-04', 34335054.00),
('NS148', 'Nguyen Tan Quynh', '1996-05-12', '0922752817', '884210839997', 'nguyentanquynh331@gmail.com', 'Vung Tau', 'CV039', '2021-09-28', 29010927.00),
('NS149', 'Bui Quoc Binh', '1986-10-22', '0912044334', '311068142837', 'buiquocbinh944@gmail.com', 'Da Nang', 'CV012', '2021-12-02', 34591933.00),
('NS150', 'Dang Tu Quynh', '1985-10-28', '0934607620', '694112857800', 'dangtuquynh156@gmail.com', 'Ha Noi', 'CV010', '2018-02-13', 24851143.00),
('NS151', 'Do Van Chau', '1990-05-20', '0918958033', '180424426784', 'dovanchau865@gmail.com', 'Hue', 'CV021', '2022-07-10', 30835224.00),
('NS152', 'Nguyen Minh Ha', '1998-08-24', '0976083168', '754531516039', 'nguyenminhha564@gmail.com', 'Hue', 'CV047', '2018-02-12', 15882864.00),
('NS153', 'Ta Thi Khoa', '1987-08-06', '0954925924', '656168312371', 'tathikhoa233@gmail.com', 'Bac Ninh', 'CV016', '2015-07-19', 20062824.00),
('NS154', 'Dang Hoang Ha', '1999-04-05', '0976460599', '851958862188', 'danghoangha577@gmail.com', 'Ha Noi', 'CV023', '2023-06-07', 28588458.00),
('NS155', 'Ta Quoc Khoa', '1992-06-27', '0983717877', '420490255326', 'taquockhoa625@gmail.com', 'Ha Noi', 'CV010', '2021-08-09', 20947242.00),
('NS156', 'Bui Van Ha', '1985-10-07', '0933407880', '147593741248', 'buivanha550@gmail.com', 'Hai Duong', 'CV005', '2015-05-07', 30944341.00),
('NS157', 'Nguyen Van Duy', '1990-10-18', '0950627608', '769589703133', 'nguyenvanduy819@gmail.com', 'Thanh Hoa', 'CV047', '2017-08-19', 19544721.00),
('NS158', 'Dang Dinh Duy', '1985-01-17', '0935033375', '301670831280', 'dangdinhduy180@gmail.com', 'Vung Tau', 'CV044', '2020-02-26', 30408646.00),
('NS159', 'Tran Hong Quynh', '1986-01-25', '0951865454', '693349976480', 'tranhongquynh793@gmail.com', 'Ha Noi', 'CV021', '2022-09-20', 25283114.00),
('NS160', 'Do Tan Duy', '1987-08-21', '0960390722', '387377293968', 'dotanduy785@gmail.com', 'Da Nang', 'CV005', '2014-04-23', 21767221.00),
('NS161', 'Bui Tu Binh', '1991-04-26', '0987745698', '595567862598', 'buitubinh100@gmail.com', 'Hai Phong', 'CV041', '2020-04-28', 19831505.00),
('NS162', 'Nguyen Tu Binh', '1993-09-03', '0975367381', '679116582286', 'nguyentubinh502@gmail.com', 'Da Nang', 'CV015', '2012-08-07', 12592169.00),
('NS163', 'Dang Minh Quynh', '1994-02-08', '0990190935', '716428266357', 'dangminhquynh665@gmail.com', 'Da Nang', 'CV039', '2014-11-21', 33656789.00),
('NS164', 'Ho Thi Khoa', '1992-06-27', '0996674547', '806728415967', 'hothikhoa83@gmail.com', 'Thanh Hoa', 'CV009', '2015-04-19', 27111141.00),
('NS165', 'Ta Hoang Duy', '1986-02-28', '0920475141', '490632683260', 'tahoangduy383@gmail.com', 'Bac Ninh', 'CV037', '2019-08-28', 14685848.00),
('NS166', 'Vu Minh Chau', '1995-05-02', '0996263120', '377358887073', 'vuminhchau995@gmail.com', 'Can Tho', 'CV017', '2024-06-22', 34778499.00),
('NS167', 'Do Hoang Duy', '1997-03-22', '0965618266', '761957328965', 'dohoangduy802@gmail.com', 'Hai Duong', 'CV001', '2024-07-27', 25178642.00),
('NS168', 'Ta Tan An', '1986-03-26', '0925644344', '465556836392', 'tatanan882@gmail.com', 'Hai Duong', 'CV032', '2021-04-09', 12300873.00),
('NS169', 'Tran Hai Chau', '1985-06-14', '0979707764', '895278620244', 'tranhaichau310@gmail.com', 'Hai Duong', 'CV031', '2010-05-15', 28840955.00),
('NS170', 'Do Hoang Phong', '1990-07-16', '0965238331', '430158413031', 'dohoangphong663@gmail.com', 'Ha Noi', 'CV033', '2012-03-16', 19382830.00),
('NS171', 'Ta Van Phong', '1997-11-17', '0926300530', '637309162633', 'tavanphong413@gmail.com', 'Bac Ninh', 'CV031', '2014-04-11', 18190659.00),
('NS172', 'Dang Quoc Phong', '1994-11-07', '0913286151', '941576261993', 'dangquocphong433@gmail.com', 'Ha Noi', 'CV023', '2023-02-17', 20514523.00),
('NS173', 'Nguyen Thi Chau', '1991-01-17', '0979020324', '568355128669', 'nguyenthichau344@gmail.com', 'Ha Noi', 'CV009', '2022-06-24', 29696649.00),
('NS174', 'Ta Van Giang', '1985-06-19', '0912266453', '309458568588', 'tavangiang692@gmail.com', 'Hai Phong', 'CV047', '2024-12-16', 33748524.00),
('NS175', 'Nguyen Quoc Binh', '1987-02-17', '0979603932', '885253576680', 'nguyenquocbinh664@gmail.com', 'TP Ho Chi Minh', 'CV008', '2017-05-24', 33402518.00),
('NS176', 'Nguyen Hong Duy', '1996-04-16', '0921782486', '434106573983', 'nguyenhongduy408@gmail.com', 'TP Ho Chi Minh', 'CV004', '2015-02-13', 22459427.00),
('NS177', 'Bui Hai An', '1985-05-14', '0942578153', '975299632827', 'buihaian85@gmail.com', 'Hai Duong', 'CV001', '2015-06-01', 17046570.00),
('NS178', 'Nguyen Quoc Ha', '1992-09-17', '0931530884', '209185967255', 'nguyenquocha338@gmail.com', 'Hai Phong', 'CV028', '2024-07-19', 14817434.00),
('NS179', 'Dang Dinh Khoa', '1994-02-27', '0979022705', '505083572396', 'dangdinhkhoa165@gmail.com', 'Can Tho', 'CV036', '2018-11-22', 23389871.00),
('NS180', 'Do Hong Binh', '1989-04-21', '0934366193', '115898200275', 'dohongbinh446@gmail.com', 'Hue', 'CV027', '2020-05-20', 24230427.00),
('NS181', 'Dang Quoc Quynh', '1998-08-17', '0983728360', '364159580089', 'dangquocquynh276@gmail.com', 'Thanh Hoa', 'CV045', '2013-07-10', 32115511.00),
('NS182', 'Pham Dinh Chau', '1998-01-19', '0975395736', '514169539668', 'phamdinhchau646@gmail.com', 'Hue', 'CV017', '2013-04-11', 19812559.00),
('NS183', 'Ho Hai An', '1995-02-12', '0976868469', '297775987504', 'hohaian81@gmail.com', 'Can Tho', 'CV008', '2011-06-25', 14332297.00),
('NS184', 'Ta Van Ha', '1995-03-18', '0978154318', '409227424525', 'tavanha265@gmail.com', 'Da Nang', 'CV012', '2013-08-17', 28538767.00),
('NS185', 'Pham Tan Giang', '1998-08-19', '0946012076', '187162494493', 'phamtangiang202@gmail.com', 'Vung Tau', 'CV034', '2018-04-21', 15533612.00),
('NS186', 'Tran Van An', '1994-05-08', '0980312307', '326792259683', 'tranvanan319@gmail.com', 'Ha Noi', 'CV032', '2019-03-22', 18193050.00),
('NS187', 'Bui Van Giang', '1995-07-18', '0996348367', '937361508274', 'buivangiang505@gmail.com', 'Da Nang', 'CV028', '2023-04-17', 15545925.00),
('NS188', 'Le Van Duy', '1993-09-05', '0935737612', '934812632535', 'levanduy977@gmail.com', 'Hai Duong', 'CV034', '2015-02-19', 31718937.00),
('NS189', 'Le Quoc Linh', '1997-03-22', '0916734014', '287885404564', 'lequoclinh408@gmail.com', 'TP Ho Chi Minh', 'CV004', '2010-01-13', 16963057.00),
('NS190', 'Ho Tan Giang', '1986-03-10', '0919362627', '398181339997', 'hotangiang692@gmail.com', 'Hue', 'CV024', '2017-09-20', 34480086.00),
('NS191', 'Dang Hong Duy', '1987-03-04', '0954530825', '535889205880', 'danghongduy178@gmail.com', 'Bac Ninh', 'CV001', '2024-02-05', 14427646.00),
('NS192', 'Ho Thi Chau', '1985-04-24', '0976308404', '241062803214', 'hothichau502@gmail.com', 'Hai Phong', 'CV034', '2023-06-25', 12448950.00),
('NS193', 'Le Hong Binh', '1995-01-08', '0986807003', '687648405961', 'lehongbinh206@gmail.com', 'Can Tho', 'CV014', '2013-07-21', 13755371.00),
('NS194', 'Bui Tu Linh', '1995-08-05', '0996662666', '592146473620', 'buitulinh215@gmail.com', 'Da Nang', 'CV004', '2015-03-20', 16858143.00),
('NS195', 'Nguyen Tu Khoa', '1993-02-07', '0929754894', '622454972594', 'nguyentukhoa307@gmail.com', 'Bac Ninh', 'CV046', '2014-06-01', 20706218.00),
('NS196', 'Bui Hong Giang', '1992-09-08', '0920021522', '623129310211', 'buihonggiang721@gmail.com', 'Hue', 'CV047', '2011-10-07', 32753125.00),
('NS197', 'Nguyen Van Chau', '1988-09-07', '0977828095', '444318935175', 'nguyenvanchau119@gmail.com', 'Thanh Hoa', 'CV036', '2011-01-01', 17100723.00),
('NS198', 'Do Quoc Khoa', '1985-11-02', '0929087252', '810369338329', 'doquockhoa504@gmail.com', 'Thanh Hoa', 'CV029', '2011-09-19', 21950202.00),
('NS199', 'Dang Hong Khoa', '2000-08-24', '0921398745', '431782662713', 'danghongkhoa330@gmail.com', 'Hai Phong', 'CV032', '2023-07-24', 33173055.00),
('NS200', 'Tran Hai Chau', '1993-08-13', '0938620613', '929739748895', 'tranhaichau722@gmail.com', 'Ha Noi', 'CV007', '2022-05-02', 31416954.00);
go

---Loai Mon An
-- Thêm các loại món ăn vào bảng LoaiMonAn
INSERT INTO LoaiMonAn (maLMA, tenLMA) VALUES
('LMA01', 'Món Á'),
('LMA02', 'Món Âu'),
('LMA03', 'Món Nhật'),
('LMA04', 'Món Hàn'),
('LMA05', 'Món Trung'),
('LMA06', 'Món Hoa');
go
---Mon an
INSERT INTO MonAn (maMA, maLMA, tenMA, giaTien, mieuTa) VALUES
-- Món Á (LMA01)
('MA001', 'LMA01', 'Bò Wagyu Nướng Đá', 28200000.0, 'Miếng thịt bò Wagyu nướng trực tiếp trên đá nóng, kết hợp gia vị đặc trưng.'),
('MA002', 'LMA01', 'Tôm Hùm Nướng Mặn', 35250000.0, 'Tôm hùm tươi sống nướng mặn với bơ tỏi, phục vụ cùng rau củ tươi.'),
('MA003', 'LMA01', 'Foie Gras Nướng Mật Ong', 18800000.0, 'Gan ngỗng nướng nhẹ với mật ong, ăn kèm bánh mì nướng giòn.'),
('MA004', 'LMA01', 'Sò Điệp Nướng Bơ', 11750000.0, 'Sò điệp tươi nướng cùng bơ và tỏi, một món ăn đơn giản nhưng đậm đà.'),
('MA005', 'LMA01', 'Bò Kobe Nướng', 47000000.0, 'Thịt bò Kobe nướng hoàn hảo, ăn kèm với khoai tây nghiền và rau củ.'),

-- Món Âu (LMA02)
('MA006', 'LMA02', 'Sườn Cừu Nướng', 42300000.0, 'Sườn cừu nướng trên than hồng, phục vụ cùng nước sốt gia truyền.'),
('MA007', 'LMA02', 'Trái Cây Tươi Cao Cấp', 8225000.0, 'Kết hợp nhiều loại trái cây nhập khẩu như dưa hấu, nho, và kiwi.'),
('MA008', 'LMA02', 'Tôm Càng Xanh Sốt Bơ Tỏi', 16450000.0, 'Tôm càng xanh tươi sống, chế biến với sốt bơ tỏi thượng hạng.'),
('MA009', 'LMA02', 'Mực Nướng', 14100000.0, 'Mực tươi nướng, gia vị tinh tế, đậm đà hương vị biển cả.'),
('MA010', 'LMA02', 'Trái Cây Nướng', 9400000.0, 'Trái cây nướng nhẹ, hương vị caramel ngọt ngào và thơm phức.'),

-- Món Nhật (LMA03)
('MA011', 'LMA03', 'Súp Hào Nhồi Trứng Cá', 21150000.0, 'Hào tươi nhồi trứng cá, được chế biến thành súp thơm ngon, bổ dưỡng.'),
('MA012', 'LMA03', 'Cánh Gà Nướng Sốt Mật', 15275000.0, 'Cánh gà nướng vàng ươm với sốt mật ong đặc biệt, ăn kèm khoai tây chiên.'),
('MA013', 'LMA03', 'Chè Trái Cây Cao Cấp', 10525000.0, 'Chè trái cây với nhiều loại trái cây tươi ngon, kết hợp với nước cốt dừa béo ngậy.'),
('MA014', 'LMA03', 'Mì Ý Hải Sản', 16450000.0, 'Mì Ý được kết hợp với hải sản tươi ngon như tôm, mực, và sò điệp.'),
('MA015', 'LMA03', 'Gà Nướng Tỏi Thảo Mộc', 17625000.0, 'Gà tươi nướng chín đều, thơm ngon với gia vị thảo mộc tự nhiên.'),

-- Món Hàn (LMA04)
('MA016', 'LMA04', 'Salad Tôm Hùm', 25850000.0, 'Salad với tôm hùm tươi, rau xanh, và nước sốt dầu giấm.'),
('MA017', 'LMA04', 'Pasta Nước Sốt Truffle', 22325000.0, 'Mì pasta trộn với nước sốt truffle thượng hạng, đậm đà hương vị.'),
('MA018', 'LMA04', 'Bánh Mousse Chocolate', 11750000.0, 'Bánh mousse chocolate đậm đặc, mềm mịn, vị ngọt thanh.'),
('MA019', 'LMA04', 'Gỏi Cá Ngừ', 18800000.0, 'Gỏi cá ngừ tươi, kèm rau sống và nước mắm chua ngọt.'),
('MA020', 'LMA04', 'Tôm Càng Xanh Chiên Giòn', 17625000.0, 'Tôm càng xanh chiên giòn với gia vị đậm đà, chấm kèm nước sốt đặc biệt.'),

-- Món Trung (LMA05)
('MA021', 'LMA05', 'Chả Cá Lã Vọng', 22325000.0, 'Chả cá lạ Vọng thơm ngon, được chế biến từ cá tươi ngon nhất, ăn kèm rau sống.'),
('MA022', 'LMA05', 'Bánh Trung Thu Cao Cấp', 9400000.0, 'Bánh trung thu với nhân thập cẩm cao cấp, vị ngọt thanh mát.'),
('MA023', 'LMA05', 'Bò Stew Vang', 30550000.0, 'Món bò stew ninh mềm, nước dùng đậm đà với gia vị thảo mộc.'),
('MA024', 'LMA05', 'Sò Điệp Nướng Truffle', 19975000.0, 'Sò điệp nướng với dầu truffle, thơm ngọt và béo ngậy.'),
('MA025', 'LMA05', 'Caramel Pudding', 7050000.0, 'Pudding caramel mềm mịn, vị ngọt thanh nhẹ nhàng.'),

-- Món Hoa (LMA06)
('MA026', 'LMA06', 'Lẩu Hải Sản Cao Cấp', 42300000.0, 'Lẩu hải sản với các loại hải sản tươi ngon nhất, nước dùng đậm đà.'),
('MA027', 'LMA06', 'Cơm Chiên Hải Sản', 16450000.0, 'Cơm chiên vàng, kết hợp với hải sản tươi như tôm, sò, và mực.'),
('MA028', 'LMA06', 'Thịt Cừu Nướng Thảo Mộc', 37600000.0, 'Thịt cừu nướng thượng hạng, phủ lớp gia vị thảo mộc, ăn kèm sốt đặc biệt.'),
('MA029', 'LMA06', 'Bánh Mì Bơ Tỏi', 7050000.0, 'Bánh mì giòn, phủ lớp bơ tỏi, nướng vừa phải cho vị bơ thơm ngậy.'),
('MA030', 'LMA06', 'Bánh Trung Thu Cao Cấp', 9400000.0, 'Bánh trung thu với nhân thập cẩm cao cấp, vị ngọt thanh mát.');
go